Order_ID,Order_Date,Customer_ID,Product_ID,Store_ID,Quantity,Unit_Price,Discount,Tax,Payment_Method,Order_Status
O00001,2025-08-06,C0048,P0031,S009,9,1248.18,1123.36,0,UPI,Completed
O00002,2025-03-03,C0059,P0018,S005,5,1251.95,312.99,0,Card,Completed
O00003,2025-09-05,C0096,P0035,S003,4,259.13,51.83,0,UPI,Completed
O00004,2025-04-10,C0098,P0034,S010,5,582.17,0.0,0,UPI,Completed
O00005,2025-05-21,C0023,P0020,S001,9,1439.39,647.73,0,Cash,Returned
O00006,2025-01-07,C0071,P0019,S003,8,273.93,0.0,0,UPI,Completed
O00007,2025-09-02,C0057,P0022,S003,1,229.27,22.93,0,Cash,Completed
O00008,2025-03-19,C0052,P0032,S002,10,2118.05,0.0,0,Card,Completed
O00009,2025-11-07,C0039,P0006,S004,2,1428.87,428.66,0,Card,Completed
O00010,2025-06-06,C0049,P0029,S008,5,773.79,580.34,0,Cash,Completed
O00011,2025-12-05,C0095,P0007,S004,4,1370.89,548.36,0,Cash,Completed
O00012,2025-07-29,C0023,P0036,S002,3,1065.1,0.0,0,Net Banking,Completed
O00013,2025-12-28,C0061,P0019,S001,4,273.93,109.57,0,UPI,Completed
O00014,2025-08-06,C0059,P0005,S004,5,1505.51,376.38,0,Cash,Completed
O00015,2025-01-31,C0083,P0010,S005,3,1826.7,0.0,0,Card,Completed
O00016,2025-03-05,C0077,P0048,S010,5,181.2,135.9,0,Net Banking,Completed
O00017,2025-08-13,C0090,P0026,S005,9,1712.19,2311.46,0,Cash,Completed
O00018,2025-01-14,C0056,P0048,S006,10,181.2,181.2,0,Cash,Completed
O00019,2025-10-23,C0087,P0037,S010,1,1625.66,162.57,0,Cash,Completed
O00020,2025-04-03,C0023,P0031,S009,8,1248.18,998.54,0,Net Banking,Completed
O00021,2025-06-20,C0063,P0006,S008,6,1428.87,1285.98,0,UPI,Completed
O00022,2025-12-06,C0021,P0022,S007,8,229.27,183.42,0,Net Banking,Completed
O00023,2025-05-10,C0071,P0003,S008,2,1858.13,371.63,0,UPI,Completed
O00024,2025-07-31,C0099,P0026,S009,1,1712.19,256.83,0,Cash,Completed
O00025,2025-04-15,C0047,P0040,S008,8,1024.91,0.0,0,UPI,Completed
O00026,2025-11-19,C0037,P0029,S008,2,773.79,0.0,0,Card,Completed
O00027,2025-02-17,C0040,P0036,S001,9,1065.1,1437.88,0,Card,Returned
O00028,2025-05-30,C0015,P0030,S002,3,267.11,120.2,0,UPI,Completed
O00029,2025-07-16,C0062,P0031,S004,8,1248.18,499.27,0,Card,Cancelled
O00030,2025-08-01,C0066,P0048,S003,2,181.2,36.24,0,UPI,Cancelled
O00031,2025-10-28,C0065,P0018,S001,5,1251.95,625.98,0,Net Banking,Completed
O00032,2025-10-10,C0058,P0035,S008,6,259.13,155.48,0,Net Banking,Completed
O00033,2025-04-30,C0042,P0013,S004,10,748.7,1123.05,0,Net Banking,Completed
O00034,2025-09-11,C0096,P0031,S007,7,1248.18,436.86,0,Cash,Completed
O00035,2025-09-27,C0076,P0022,S002,8,229.27,0.0,0,Net Banking,Completed
O00036,2025-05-16,C0019,P0027,S003,2,1703.9,511.17,0,UPI,Completed
O00037,2025-06-12,C0051,P0042,S002,6,1300.38,1170.34,0,Net Banking,Completed
O00038,2025-04-27,C0005,P0040,S002,4,1024.91,409.96,0,Cash,Completed
O00039,2025-12-22,C0013,P0049,S002,8,969.43,387.77,0,UPI,Cancelled
O00040,2025-07-11,C0006,P0021,S001,5,1301.36,650.68,0,Net Banking,Completed
O00041,2025-03-31,C0068,P0027,S010,3,1703.9,255.59,0,Cash,Completed
O00042,2025-04-29,C0049,P0040,S004,8,1024.91,409.96,0,Net Banking,Completed
O00043,2025-12-13,C0059,P0017,S001,8,2005.24,1604.19,0,Card,Completed
O00044,2025-08-22,C0045,P0038,S005,7,1329.92,930.94,0,UPI,Completed
O00045,2025-10-20,C0050,P0031,S002,4,1248.18,748.91,0,UPI,Completed
O00046,2025-01-05,C0090,P0019,S001,7,273.93,191.75,0,Cash,Cancelled
O00047,2025-04-23,C0096,P0032,S005,4,2118.05,847.22,0,Card,Completed
O00048,2025-06-08,C0087,P0049,S003,2,969.43,0.0,0,Net Banking,Completed
O00049,2025-06-17,C0047,P0047,S003,2,1161.35,232.27,0,Net Banking,Completed
O00050,2025-03-26,C0017,P0035,S006,9,259.13,233.22,0,UPI,Cancelled
O00051,2025-02-08,C0062,P0019,S006,2,273.93,82.18,0,Card,Completed
O00052,2025-02-16,C0029,P0044,S007,9,2159.63,1943.67,0,Net Banking,Completed
O00053,2025-10-27,C0069,P0008,S008,6,1176.73,706.04,0,Net Banking,Completed
O00054,2025-11-14,C0048,P0007,S004,8,1370.89,0.0,0,UPI,Cancelled
O00055,2025-11-29,C0029,P0042,S002,8,1300.38,1040.3,0,Net Banking,Completed
O00056,2025-02-19,C0006,P0003,S005,8,1858.13,0.0,0,Card,Completed
O00057,2025-10-28,C0018,P0025,S008,6,221.76,199.58,0,Card,Completed
O00058,2025-05-24,C0084,P0007,S008,10,1370.89,2056.34,0,Cash,Completed
O00059,2025-02-20,C0028,P0029,S008,4,773.79,309.52,0,UPI,Completed
O00060,2025-04-08,C0083,P0023,S001,7,888.86,622.2,0,Cash,Cancelled
O00061,2025-01-26,C0059,P0006,S004,10,1428.87,0.0,0,UPI,Completed
O00062,2025-10-28,C0017,P0037,S004,2,1625.66,162.57,0,Card,Completed
O00063,2025-05-22,C0030,P0022,S003,10,229.27,0.0,0,Card,Returned
O00064,2025-03-09,C0070,P0017,S003,2,2005.24,0.0,0,Cash,Completed
O00065,2025-05-16,C0031,P0038,S006,1,1329.92,66.5,0,Cash,Completed
O00066,2025-08-18,C0054,P0034,S002,2,582.17,174.65,0,UPI,Completed
O00067,2025-12-04,C0014,P0029,S009,4,773.79,0.0,0,UPI,Completed
O00068,2025-12-18,C0004,P0004,S008,7,918.38,964.3,0,Cash,Completed
O00069,2025-02-03,C0057,P0005,S002,6,1505.51,451.65,0,Card,Completed
O00070,2025-11-02,C0082,P0038,S009,6,1329.92,1196.93,0,UPI,Completed
O00071,2025-08-09,C0078,P0028,S002,2,2096.23,209.62,0,Net Banking,Completed
O00072,2025-02-18,C0053,P0022,S008,7,229.27,240.73,0,UPI,Completed
O00073,2025-02-04,C0086,P0017,S006,3,2005.24,902.36,0,Cash,Completed
O00074,2025-10-12,C0012,P0028,S002,6,2096.23,628.87,0,Cash,Completed
O00075,2025-07-01,,P0036,S006,2,1065.1,319.53,0,Net Banking,Completed
O00076,2025-06-30,C0093,P0004,S005,10,918.38,918.38,0,Cash,Completed
O00077,2025-06-29,C0028,P0010,S008,4,1826.7,0.0,0,UPI,Completed
O00078,2025-11-08,C0036,P0037,S004,7,1625.66,0.0,0,UPI,Completed
O00079,2025-01-04,C0035,P0045,S005,6,1902.16,1141.3,0,Card,Completed
O00080,2025-11-21,C0073,P0043,S007,2,1377.28,137.73,0,Cash,Completed
O00081,2025-06-24,C0068,P0014,S007,7,1255.9,1318.7,0,Card,Completed
O00082,2025-01-27,C0093,P0021,S010,10,1301.36,0.0,0,Card,Completed
O00083,2025-12-05,C0080,P0004,S002,5,918.38,688.78,0,Net Banking,Completed
O00084,2025-06-26,C0057,P0027,S005,4,1703.9,0.0,0,Net Banking,Completed
O00085,2025-01-24,C0087,P0044,S010,8,2159.63,1727.7,0,Card,Completed
O00086,2025-04-19,C0077,P0004,S001,4,918.38,367.35,0,Card,Completed
O00087,2025-08-09,C0038,P0021,S002,1,1301.36,195.2,0,Card,Completed
O00088,2025-02-06,C0069,P0046,S004,9,754.49,679.04,0,Net Banking,Completed
O00089,2025-06-10,C0006,P0028,S001,8,2096.23,0.0,0,Net Banking,Completed
O00090,2025-07-27,C0091,P0041,S007,5,1612.03,0.0,0,Cash,Returned
O00091,2025-08-12,C0022,P0040,S008,6,1024.91,0.0,0,Cash,Completed
O00092,2025-06-08,C0076,P0026,S009,2,1712.19,513.66,0,UPI,Completed
O00093,2025-09-29,C0100,P0011,S002,9,1174.63,0.0,0,Card,Cancelled
O00094,2025-03-16,C0045,P0023,S003,4,888.86,0.0,0,UPI,Completed
O00095,2025-08-26,C0078,P0010,S002,3,1826.7,822.01,0,Net Banking,Completed
O00096,2025-03-19,C0073,P0042,S010,6,1300.38,780.23,0,Net Banking,Completed
O00097,2025-06-30,C0057,P0041,S005,5,1612.03,0.0,0,Cash,Completed
O00098,2025-02-09,C0058,P0003,S001,6,1858.13,1114.88,0,Cash,Completed
O00099,2025-08-19,C0065,P0025,S008,10,221.76,0.0,0,Card,Completed
O00100,2025-02-22,C0061,P0033,S003,1,1226.2,183.93,0,UPI,Returned
O00101,2025-12-29,C0011,P0033,S003,1,1226.2,61.31,0,Net Banking,Returned
O00102,2025-07-10,C0068,P0034,S010,3,582.17,174.65,0,UPI,Completed
O00103,2025-02-03,C0100,P0022,S010,1,229.27,22.93,0,UPI,Completed
O00104,2025-06-20,C0087,P0025,S005,5,221.76,55.44,0,Cash,Completed
O00105,2025-11-01,C0019,P0023,S005,7,888.86,311.1,0,Cash,Completed
O00106,2025-11-27,C0049,P0042,S006,3,1300.38,0.0,0,Net Banking,Completed
O00107,2025-06-24,C0003,P0024,S005,3,288.47,43.27,0,Net Banking,Completed
O00108,2025-09-17,C0018,P0010,S002,5,1826.7,0.0,0,Cash,Completed
O00109,2025-03-20,C0099,P0040,S003,10,1024.91,1537.37,0,Card,Completed
O00110,2025-01-23,C0089,P0050,S010,3,955.7,430.07,0,Net Banking,Completed
O00111,2025-08-18,C0093,P0016,S008,10,1450.9,1450.9,0,Card,Completed
O00112,2025-08-25,C0040,P0031,S004,6,1248.18,1123.36,0,UPI,Completed
O00113,2025-11-06,C0065,P0034,S007,3,582.17,87.33,0,Card,Completed
O00114,2025-12-31,C0007,P0042,S008,6,1300.38,0.0,0,Cash,Completed
O00115,2025-08-12,C0098,P0011,S005,8,1174.63,469.85,0,Cash,Cancelled
O00116,2025-01-28,C0029,P0029,S006,1,773.79,116.07,0,Net Banking,Completed
O00117,2025-01-15,C0031,P0025,S002,6,221.76,66.53,0,UPI,Cancelled
O00118,2025-01-20,C0092,P0042,S006,3,1300.38,195.06,0,UPI,Cancelled
O00119,2025-11-12,C0061,P0045,S003,8,1902.16,2282.59,0,Cash,Cancelled
O00120,2025-02-26,C0003,P0017,S004,3,2005.24,902.36,0,UPI,Completed
O00121,2025-02-02,C0016,P0004,S004,7,918.38,964.3,0,Cash,Completed
O00122,2025-03-15,C0064,P0039,S009,1,603.51,30.18,0,UPI,Completed
O00123,2025-04-06,C0079,P0023,S004,10,888.86,1333.29,0,Cash,Completed
O00124,2025-07-19,C0047,P0005,S009,9,1505.51,0.0,0,Net Banking,Completed
O00125,2025-02-04,C0050,P0024,S005,1,288.47,28.85,0,UPI,Completed
O00126,2025-03-10,C0085,P0041,S002,10,1612.03,1612.03,0,Cash,Completed
O00127,2025-11-20,C0044,P0042,S003,8,1300.38,1560.46,0,Card,Completed
O00128,2025-04-14,C0009,P0046,S008,1,754.49,75.45,0,Cash,Completed
O00129,2025-10-06,C0006,P0021,S005,9,1301.36,1756.84,0,Net Banking,Completed
O00130,2025-01-25,C0097,P0042,S004,5,1300.38,650.19,0,UPI,Completed
O00131,2025-06-23,C0048,P0028,S007,8,2096.23,2515.48,0,Card,Completed
O00132,2025-08-06,C0064,P0024,S009,5,288.47,0.0,0,Cash,Completed
O00133,2025-02-10,C0024,P0035,S005,6,259.13,0.0,0,UPI,Completed
O00134,2025-12-20,C0040,P0029,S010,7,773.79,270.83,0,Net Banking,Completed
O00135,2025-05-21,C0006,P0047,S006,10,1161.35,1742.02,0,Cash,Completed
O00136,2025-01-16,C0082,P0026,S006,9,1712.19,770.49,0,Card,Completed
O00137,2025-05-01,C0087,P0029,S001,3,773.79,0.0,0,UPI,Completed
O00138,2025-07-09,C0073,P0003,S010,3,1858.13,836.16,0,UPI,Completed
O00139,2025-07-23,C0010,P0037,S003,9,1625.66,1463.09,0,UPI,Completed
O00140,2025-09-23,C0032,P0008,S001,3,1176.73,529.53,0,Net Banking,Cancelled
O00141,2025-11-10,C0016,P0017,S005,8,2005.24,802.1,0,UPI,Completed
O00142,2025-08-20,C0063,P0013,S002,3,748.7,0.0,0,Card,Completed
O00143,2025-10-09,C0057,P0006,S006,6,1428.87,0.0,0,UPI,Completed
O00144,2025-03-04,C0021,P0046,S003,6,754.49,226.35,0,Card,Completed
O00145,2025-08-28,C0031,P0032,S001,6,2118.05,1270.83,0,Card,Completed
O00146,2025-09-27,C0012,P0005,S005,7,1505.51,1580.79,0,Net Banking,Completed
O00147,2025-08-19,C0074,P0005,S003,6,1505.51,0.0,0,Net Banking,Completed
O00148,2025-03-08,C0045,P0009,S009,10,2290.86,1145.43,0,Net Banking,Completed
O00149,2025-03-26,C0008,P0008,S009,3,1176.73,353.02,0,Card,Completed
O00150,2025-02-10,C0091,P0015,S006,9,746.48,671.83,0,UPI,Completed
O00151,2025-09-15,C0071,P0018,S003,5,1251.95,0.0,0,Card,Completed
O00152,2025-10-16,C0075,P0010,S003,10,1826.7,1826.7,0,Cash,Completed
O00153,2025-11-30,C0004,P0006,S001,10,1428.87,1428.87,0,Card,Completed
O00154,2025-11-25,C0054,P0040,S001,8,1024.91,819.93,0,UPI,Completed
O00155,2025-12-19,C0088,P0026,S005,8,1712.19,0.0,0,Cash,Completed
O00156,2025-11-07,C0054,P0031,S008,4,1248.18,499.27,0,Card,Completed
O00157,2025-07-09,C0092,P0021,S006,7,1301.36,455.48,0,Cash,Completed
O00158,2025-03-14,C0060,P0008,S005,8,1176.73,470.69,0,Cash,Completed
O00159,2025-06-17,C0050,P0040,S007,4,1024.91,204.98,0,UPI,Completed
O00160,2025-06-07,C0021,P0032,S009,8,2118.05,2541.66,0,Net Banking,Completed
O00161,2025-10-26,C0051,P0033,S008,4,1226.2,245.24,0,UPI,Completed
O00162,2025-10-02,C0037,P0032,S010,8,2118.05,1694.44,0,Cash,Completed
O00163,2025-07-07,C0056,P0009,S005,6,2290.86,2061.77,0,Cash,Completed
O00164,2025-02-07,C0073,P0036,S004,6,1065.1,639.06,0,Net Banking,Completed
O00165,2025-03-07,C0098,P0036,S005,10,1065.1,0.0,0,Cash,Completed
O00166,2025-11-05,C0044,P0036,S006,3,1065.1,159.76,0,Net Banking,Completed
O00167,2025-09-23,C0006,P0003,S003,6,1858.13,1672.32,0,Net Banking,Completed
O00168,2025-03-25,C0066,P0009,S006,10,2290.86,2290.86,0,Net Banking,Returned
O00169,2025-12-29,C0095,P0020,S010,6,1439.39,1295.45,0,UPI,Completed
O00170,2025-10-26,C0003,P0024,S006,2,288.47,86.54,0,UPI,Completed
O00171,2025-05-16,C0093,P0045,S001,10,1902.16,2853.24,0,Card,Completed
O00172,2025-03-17,C0075,P0031,S003,9,1248.18,1685.04,0,Card,Completed
O00173,2025-06-10,C0090,P0008,S004,1,1176.73,176.51,0,Net Banking,Completed
O00174,2025-02-01,C0089,P0014,S007,9,1255.9,1695.46,0,Card,Completed
O00175,2025-06-10,C0072,P0021,S008,9,1301.36,1756.84,0,Card,Completed
O00176,2025-11-09,C0069,P0022,S009,6,229.27,137.56,0,Net Banking,Completed
O00177,2025-06-02,C0032,P0018,S009,5,1251.95,312.99,0,UPI,Completed
O00178,2025-06-28,C0089,P0046,S008,6,754.49,679.04,0,UPI,Completed
O00179,2025-06-26,C0074,P0044,S009,7,2159.63,2267.61,0,Card,Completed
O00180,2025-12-02,C0037,P0046,S002,6,754.49,679.04,0,UPI,Completed
O00181,2025-03-12,C0028,P0013,S009,5,748.7,374.35,0,Cash,Completed
O00182,2025-11-23,C0076,P0016,S004,1,1450.9,72.55,0,Card,Completed
O00183,2025-01-03,C0053,P0022,S008,2,229.27,22.93,0,Card,Completed
O00184,2025-05-27,C0061,P0031,S004,5,1248.18,624.09,0,Cash,Cancelled
O00185,2025-03-31,C0012,P0042,S010,4,1300.38,0.0,0,Net Banking,Completed
O00186,2025-05-29,C0023,P0003,S007,8,1858.13,743.25,0,Cash,Completed
O00187,2025-08-21,C0073,P0039,S002,6,603.51,362.11,0,Net Banking,Completed
O00188,2025-02-27,C0018,P0033,S008,5,1226.2,306.55,0,UPI,Completed
O00189,2025-06-22,C0059,P0042,S005,3,1300.38,0.0,0,UPI,Completed
O00190,2025-08-07,C0097,P0013,S003,10,748.7,1123.05,0,UPI,Completed
O00191,2025-06-15,C0086,P0007,S003,3,1370.89,616.9,0,Card,Completed
O00192,2025-06-04,C0050,P0016,S008,5,1450.9,725.45,0,Cash,Completed
O00193,2025-08-27,C0047,P0045,S004,1,1902.16,0.0,0,UPI,Completed
O00194,2025-07-08,C0088,P0033,S005,2,1226.2,245.24,0,Card,Completed
O00195,2025-08-01,C0018,P0031,S003,8,1248.18,998.54,0,Net Banking,Completed
O00196,2025-09-27,C0086,P0014,S004,10,1255.9,0.0,0,Net Banking,Completed
O00197,2025-10-08,C0047,P0005,S010,2,1505.51,0.0,0,Card,Completed
O00198,2025-03-01,C0020,P0011,S006,9,1174.63,1585.75,0,Card,Completed
O00199,2025-08-21,C0063,P0006,S009,8,1428.87,0.0,0,Card,Completed
O00200,2025-12-11,C0059,P0037,S001,9,1625.66,2194.64,0,UPI,Completed
O00201,2025-01-24,C0051,P0017,S001,4,2005.24,0.0,0,Net Banking,Completed
O00202,2025-01-17,C0009,P0035,S001,2,259.13,77.74,0,UPI,Completed
O00203,2025-08-18,C0099,P0009,S007,6,2290.86,2061.77,0,Net Banking,Completed
O00204,2025-03-02,C0088,P0043,S009,3,1377.28,413.18,0,Card,Returned
O00205,2025-01-12,C0051,P0034,S003,4,582.17,0.0,0,UPI,Completed
O00206,2025-04-28,C0093,P0035,S007,9,259.13,349.83,0,Card,Completed
O00207,2025-12-05,C0020,P0018,S004,2,1251.95,0.0,0,Net Banking,Completed
O00208,2025-11-01,C0003,P0016,S004,2,1450.9,0.0,0,Cash,Completed
O00209,2025-07-25,C0087,P0046,S001,4,754.49,0.0,0,Net Banking,Completed
O00210,2025-04-30,C0028,P0049,S001,3,969.43,290.83,0,UPI,Completed
O00211,2025-03-15,C0099,P0044,S006,4,2159.63,863.85,0,Card,Completed
O00212,2025-11-17,C0036,P0004,S009,10,918.38,459.19,0,Net Banking,Completed
O00213,2025-12-23,C0007,P0023,S007,9,888.86,799.97,0,Net Banking,Completed
O00214,2025-05-04,C0039,P0025,S003,9,221.76,299.38,0,Card,Completed
O00215,2025-08-02,C0091,P0010,S008,1,1826.7,274.0,0,Card,Completed
O00216,2025-07-09,C0033,P0014,S006,2,1255.9,376.77,0,Cash,Completed
O00217,2025-02-07,C0025,P0004,S005,7,918.38,0.0,0,Card,Completed
O00218,2025-04-17,C0076,P0047,S009,4,1161.35,696.81,0,UPI,Completed
O00219,2025-05-05,C0002,P0014,S004,2,1255.9,376.77,0,Card,Completed
O00220,2025-08-27,C0031,P0036,S006,5,1065.1,798.82,0,UPI,Completed
O00221,2025-08-29,C0047,P0033,S008,8,1226.2,0.0,0,UPI,Cancelled
O00222,2025-03-16,C0048,P0021,S007,1,1301.36,65.07,0,Cash,Completed
O00223,2025-04-11,C0075,P0038,S007,5,1329.92,332.48,0,UPI,Completed
O00224,2025-05-12,C0073,P0016,S008,9,1450.9,1305.81,0,Net Banking,Returned
O00225,2025-06-30,C0083,P0048,S008,8,181.2,72.48,0,Card,Completed
O00226,2025-09-26,C0070,P0032,S003,9,2118.05,0.0,0,Cash,Completed
O00227,2025-03-12,C0010,P0043,S001,1,1377.28,206.59,0,Card,Completed
O00228,2025-07-11,C0020,P0001,S004,9,1383.98,1868.37,0,Cash,Completed
O00229,2025-01-04,C0086,P0040,S008,8,1024.91,0.0,0,Net Banking,Completed
O00230,2025-01-09,C0068,P0047,S005,9,1161.35,1045.21,0,Net Banking,Completed
O00231,2025-05-04,C0023,P0007,S002,9,1370.89,616.9,0,Card,Completed
O00232,2025-07-11,C0033,P0023,S005,7,888.86,0.0,0,Net Banking,Completed
O00233,2025-12-01,C0032,P0045,S004,5,1902.16,0.0,0,Cash,Completed
O00234,2025-11-23,C0049,P0025,S009,8,221.76,0.0,0,Cash,Completed
O00235,2025-09-28,C0011,P0032,S007,6,2118.05,0.0,0,Cash,Completed
O00236,2025-02-08,C0089,P0037,S008,5,1625.66,0.0,0,UPI,Completed
O00237,2025-01-09,C0073,P0043,S001,3,1377.28,413.18,0,Card,Completed
O00238,2025-03-25,C0097,P0046,S007,2,754.49,150.9,0,Card,Completed
O00239,2025-03-13,C0050,P0044,S009,6,2159.63,1943.67,0,Cash,Completed
O00240,2025-02-08,C0045,P0004,S002,7,918.38,321.43,0,UPI,Completed
O00241,2025-11-21,C0079,P0039,S007,6,603.51,0.0,0,UPI,Completed
O00242,2025-08-10,C0058,P0032,S004,6,2118.05,1906.25,0,Card,Completed
O00243,2025-05-07,C0085,P0025,S002,10,221.76,221.76,0,Cash,Completed
O00244,2025-07-04,C0020,P0025,S003,7,221.76,155.23,0,Cash,Completed
O00245,2025-03-09,C0040,P0029,S006,5,773.79,0.0,0,Cash,Completed
O00246,2025-02-22,C0058,P0036,S009,9,1065.1,1437.88,0,Cash,Completed
O00247,2025-07-17,C0071,P0006,S010,10,1428.87,1428.87,0,Cash,Completed
O00248,2025-10-20,C0050,P0050,S002,9,955.7,430.07,0,Card,Completed
O00249,2025-09-10,C0022,P0009,S005,5,2290.86,1145.43,0,Card,Completed
O00250,2025-02-09,C0056,P0018,S007,5,1251.95,938.96,0,UPI,Completed
O00251,2025-08-23,C0032,P0047,S008,10,1161.35,580.68,0,Cash,Completed
O00252,2025-06-18,C0001,P0026,S006,10,1712.19,2568.29,0,Net Banking,Completed
O00253,2025-11-05,C0084,P0039,S003,5,603.51,301.76,0,Card,Completed
O00254,2025-10-22,C0023,P0026,S006,5,1712.19,1284.14,0,Card,Completed
O00255,2025-10-31,C0036,P0026,S006,2,1712.19,171.22,0,Card,Completed
O00256,2025-05-30,C0071,P0002,S008,4,1919.77,1151.86,0,Cash,Completed
O00257,2025-05-04,C0053,P0044,S008,3,2159.63,647.89,0,UPI,Completed
O00258,2025-11-03,C0092,P0028,S007,2,2096.23,628.87,0,Net Banking,Completed
O00259,2025-07-04,C0069,P0033,S007,9,1226.2,0.0,0,Cash,Completed
O00260,2025-10-16,C0032,P0043,S006,3,1377.28,0.0,0,Net Banking,Returned
O00261,2025-05-13,C0043,P0028,S002,1,2096.23,0.0,0,Card,Completed
O00262,2025-08-17,C0067,P0036,S010,10,1065.1,532.55,0,UPI,Completed
O00263,2025-06-26,C0099,P0044,S010,9,2159.63,971.83,0,Cash,Completed
O00264,2025-06-28,C0038,P0027,S002,2,1703.9,170.39,0,UPI,Completed
O00265,2025-02-19,C0027,P0034,S008,6,582.17,523.95,0,Net Banking,Completed
O00266,2025-12-30,C0058,P0021,S002,5,1301.36,0.0,0,Cash,Completed
O00267,2025-09-22,C0044,P0042,S002,3,1300.38,195.06,0,Card,Completed
O00268,2025-07-27,C0043,P0036,S007,8,1065.1,426.04,0,Card,Completed
O00269,2025-08-19,C0085,P0028,S007,1,2096.23,104.81,0,Net Banking,Completed
O00270,2025-10-23,C0091,P0014,S004,5,1255.9,0.0,0,Cash,Completed
O00271,2025-08-23,C0069,P0012,S006,6,2046.14,613.84,0,Cash,Completed
O00272,2025-11-09,C0063,P0034,S006,10,582.17,873.25,0,Net Banking,Completed
O00273,2025-12-11,C0045,P0023,S008,10,888.86,444.43,0,UPI,Cancelled
O00274,2025-05-03,C0076,P0006,S003,6,1428.87,0.0,0,UPI,Completed
O00275,2025-08-03,C0048,P0045,S003,9,1902.16,2567.92,0,Card,Completed
O00276,2025-10-12,C0055,P0012,S008,9,2046.14,920.76,0,Card,Completed
O00277,2025-07-03,C0018,P0012,S006,8,2046.14,0.0,0,Cash,Completed
O00278,2025-07-29,C0025,P0025,S009,9,221.76,299.38,0,Net Banking,Completed
O00279,2025-04-23,C0057,P0032,S003,2,2118.05,0.0,0,UPI,Completed
O00280,2025-10-17,C0029,P0035,S005,3,259.13,116.61,0,Net Banking,Completed
O00281,2025-10-05,C0015,P0037,S002,5,1625.66,812.83,0,Cash,Completed
O00282,2025-12-01,C0057,P0035,S004,7,259.13,0.0,0,Card,Completed
O00283,2025-08-13,C0005,P0029,S005,6,773.79,0.0,0,Cash,Completed
O00284,2025-03-26,C0031,P0014,S010,6,1255.9,1130.31,0,Card,Completed
O00285,2025-11-02,C0027,P0004,S010,6,918.38,551.03,0,Card,Completed
O00286,2025-09-21,C0091,P0019,S005,10,273.93,273.93,0,Cash,Completed
O00287,2025-12-26,C0097,P0027,S001,5,1703.9,425.98,0,Card,Completed
O00288,2025-03-14,C0092,P0021,S004,7,1301.36,1366.43,0,UPI,Completed
O00289,2025-09-21,C0049,P0029,S002,2,773.79,232.14,0,UPI,Completed
O00290,2025-02-17,C0048,P0030,S008,6,267.11,0.0,0,Net Banking,Completed
O00291,2025-04-22,C0090,P0023,S002,9,888.86,1199.96,0,Net Banking,Completed
O00292,2025-10-08,C0064,P0018,S006,5,1251.95,625.98,0,Card,Completed
O00293,2025-11-17,C0063,P0022,S001,1,229.27,0.0,0,Net Banking,Completed
O00294,2025-04-14,C0021,P0029,S008,1,773.79,116.07,0,Card,Completed
O00295,2025-05-09,C0039,P0011,S005,2,1174.63,234.93,0,Cash,Completed
O00296,2025-12-25,C0084,P0011,S001,7,1174.63,822.24,0,Card,Completed
O00297,2025-09-02,C0012,P0046,S002,1,754.49,37.72,0,Cash,Completed
O00298,2025-12-23,C0029,P0034,S008,1,582.17,0.0,0,UPI,Completed
O00299,2025-04-28,C0055,P0045,S003,8,1902.16,0.0,0,Net Banking,Completed
O00300,2025-03-12,C0014,P0007,S006,6,1370.89,822.53,0,Net Banking,Completed
O00301,2025-11-09,C0097,P0009,S003,2,2290.86,0.0,0,Card,Completed
O00302,2025-04-22,C0093,P0014,S003,7,1255.9,1318.7,0,Cash,Completed
O00303,2025-06-29,C0018,P0049,S002,10,969.43,1454.14,0,Net Banking,Completed
O00304,2025-10-11,C0018,P0016,S005,2,1450.9,145.09,0,UPI,Completed
O00305,2025-07-20,C0089,P0002,S005,4,1919.77,383.95,0,UPI,Completed
O00306,2025-09-13,C0031,P0032,S007,2,2118.05,211.81,0,Cash,Completed
O00307,2025-10-19,C0002,P0024,S006,3,288.47,129.81,0,Net Banking,Completed
O00308,2025-10-28,C0088,P0012,S008,2,2046.14,0.0,0,Cash,Completed
O00309,2025-11-18,C0028,P0003,S001,7,1858.13,1300.69,0,Net Banking,Completed
O00310,2025-05-23,C0052,P0006,S009,9,1428.87,642.99,0,Cash,Completed
O00311,2025-07-20,C0066,P0014,S003,9,1255.9,1130.31,0,Cash,Completed
O00312,2025-02-14,C0056,P0047,S004,1,1161.35,58.07,0,Net Banking,Completed
O00313,2025-03-03,C0079,P0039,S001,5,603.51,150.88,0,Cash,Completed
O00314,2025-09-25,C0090,P0001,S003,8,1383.98,1107.18,0,UPI,Completed
O00315,2025-06-21,C0017,P0048,S005,2,181.2,0.0,0,Net Banking,Completed
O00316,2025-08-22,C0009,P0017,S010,2,2005.24,601.57,0,UPI,Completed
O00317,2025-02-22,C0073,P0011,S006,3,1174.63,352.39,0,Cash,Completed
O00318,2025-01-24,C0066,P0001,S001,1,1383.98,69.2,0,Net Banking,Completed
O00319,2025-04-25,C0020,P0012,S001,9,2046.14,2762.29,0,UPI,Completed
O00320,2025-03-03,C0093,P0021,S005,2,1301.36,260.27,0,Cash,Completed
O00321,2025-05-25,C0067,P0003,S007,2,1858.13,557.44,0,UPI,Completed
O00322,2025-05-30,C0071,P0030,S001,6,267.11,80.13,0,UPI,Completed
O00323,2025-04-11,C0032,P0030,S006,10,267.11,400.67,0,Card,Completed
O00324,2025-11-22,C0053,P0002,S004,9,1919.77,1727.79,0,Cash,Returned
O00325,2025-04-16,C0001,P0049,S007,5,969.43,0.0,0,Card,Completed
O00326,2025-04-29,C0008,P0010,S005,2,1826.7,0.0,0,Net Banking,Completed
O00327,2025-09-16,C0048,P0030,S002,10,267.11,0.0,0,Card,Completed
O00328,2025-08-11,C0051,P0005,S010,10,1505.51,0.0,0,Card,Completed
O00329,2025-08-20,C0034,P0021,S007,6,1301.36,780.82,0,UPI,Completed
O00330,2025-02-24,C0026,P0009,S010,2,2290.86,229.09,0,Card,Completed
O00331,2025-04-17,C0041,P0027,S002,9,1703.9,1533.51,0,Net Banking,Completed
O00332,2025-12-27,C0034,P0008,S002,3,1176.73,353.02,0,Cash,Completed
O00333,2025-07-22,C0042,P0010,S002,4,1826.7,730.68,0,Cash,Completed
O00334,2025-10-12,C0034,P0012,S001,7,2046.14,2148.45,0,Card,Completed
O00335,2025-04-24,C0014,P0009,S002,1,2290.86,0.0,0,Card,Completed
O00336,2025-02-08,C0052,P0024,S002,10,288.47,288.47,0,Cash,Returned
O00337,2025-06-19,C0026,P0042,S008,3,1300.38,0.0,0,Cash,Completed
O00338,2025-07-22,C0060,P0004,S003,10,918.38,1377.57,0,Net Banking,Completed
O00339,2025-04-06,C0088,P0028,S003,6,2096.23,628.87,0,UPI,Completed
O00340,2025-11-28,C0020,P0003,S010,10,1858.13,929.07,0,UPI,Completed
O00341,2025-07-16,C0071,P0031,S001,2,1248.18,249.64,0,Card,Completed
O00342,2025-07-15,C0083,P0034,S004,9,582.17,0.0,0,UPI,Completed
O00343,2025-07-18,C0063,P0023,S010,9,888.86,799.97,0,UPI,Completed
O00344,2025-01-30,C0041,P0039,S004,1,603.51,60.35,0,Net Banking,Completed
O00345,2025-05-07,C0099,P0038,S004,3,1329.92,0.0,0,Card,Completed
O00346,2025-07-01,C0095,P0004,S004,10,918.38,1377.57,0,Card,Completed
O00347,2025-12-27,C0076,P0021,S006,10,1301.36,0.0,0,UPI,Cancelled
O00348,2025-10-05,C0073,P0010,S010,4,1826.7,1096.02,0,UPI,Completed
O00349,2025-01-11,C0005,P0006,S001,4,1428.87,285.77,0,Net Banking,Completed
O00350,2025-06-15,C0079,P0013,S003,6,748.7,224.61,0,Cash,Completed
O00351,2025-02-07,C0076,P0046,S003,2,754.49,150.9,0,UPI,Completed
O00352,2025-06-04,C0085,P0026,S010,2,1712.19,342.44,0,UPI,Completed
O00353,2025-03-31,C0021,P0047,S007,8,1161.35,929.08,0,UPI,Completed
O00354,2025-03-07,C0076,P0012,S007,5,2046.14,1023.07,0,Card,Completed
O00355,2025-04-04,C0090,P0037,S007,10,1625.66,0.0,0,UPI,Cancelled
O00356,2025-03-14,C0079,P0015,S010,2,746.48,223.94,0,UPI,Completed
O00357,2025-12-29,C0031,P0023,S006,3,888.86,0.0,0,UPI,Completed
O00358,2025-05-12,C0034,P0014,S004,2,1255.9,251.18,0,Cash,Completed
O00359,2025-07-31,C0007,P0025,S008,7,221.76,77.62,0,Net Banking,Completed
O00360,2025-10-23,C0045,P0035,S007,2,259.13,77.74,0,Card,Completed
O00361,2025-05-14,C0010,P0003,S005,1,1858.13,185.81,0,Cash,Completed
O00362,2025-06-23,C0022,P0025,S003,2,221.76,0.0,0,Net Banking,Completed
O00363,2025-03-22,C0056,P0042,S003,10,1300.38,1950.57,0,Cash,Completed
O00364,2025-12-05,C0027,P0013,S007,9,748.7,673.83,0,UPI,Completed
O00365,2025-03-20,C0013,P0004,S007,10,918.38,1377.57,0,Cash,Completed
O00366,2025-04-13,C0055,P0006,S005,10,1428.87,2143.3,0,Cash,Completed
O00367,2025-03-01,C0022,P0041,S005,2,1612.03,483.61,0,UPI,Completed
O00368,2025-04-05,C0061,P0032,S005,2,2118.05,635.42,0,UPI,Completed
O00369,2025-08-14,C0048,P0012,S008,1,2046.14,204.61,0,Net Banking,Completed
O00370,2025-02-13,C0035,P0037,S001,3,1625.66,0.0,0,UPI,Completed
O00371,2025-07-18,C0053,P0049,S010,4,969.43,0.0,0,Net Banking,Returned
O00372,2025-06-03,C0088,P0031,S010,4,1248.18,748.91,0,Cash,Completed
O00373,2025-03-03,C0092,P0003,S009,10,1858.13,929.07,0,Net Banking,Completed
O00374,2025-08-05,C0022,P0014,S004,3,1255.9,0.0,0,Cash,Returned
O00375,2025-06-13,C0056,P0013,S003,10,748.7,748.7,0,Cash,Completed
O00376,2025-09-24,C0072,P0026,S009,6,1712.19,1027.31,0,Net Banking,Cancelled
O00377,2025-02-27,C0002,P0045,S010,10,1902.16,2853.24,0,Net Banking,Completed
O00378,2025-10-16,C0073,P0038,S010,2,1329.92,0.0,0,Cash,Completed
O00379,2025-12-02,C0069,P0023,S007,5,888.86,666.64,0,Net Banking,Completed
O00380,2025-03-15,C0061,P0003,S003,5,1858.13,1393.6,0,Net Banking,Completed
O00381,2025-05-18,C0043,P0045,S004,1,1902.16,285.32,0,UPI,Completed
O00382,2025-04-27,C0039,P0020,S005,8,1439.39,0.0,0,Card,Completed
O00383,2025-11-06,C0096,P0029,S006,5,773.79,580.34,0,Cash,Completed
O00384,2025-01-29,C0028,P0027,S008,9,1703.9,1533.51,0,Card,Completed
O00385,2025-03-30,C0091,P0033,S007,3,1226.2,0.0,0,Card,Completed
O00386,2025-01-26,C0026,P0004,S004,1,918.38,137.76,0,UPI,Completed
O00387,2025-11-22,C0036,P0024,S008,9,288.47,389.43,0,Cash,Completed
O00388,2025-04-01,C0031,P0024,S008,10,288.47,432.71,0,Net Banking,Completed
O00389,2025-05-26,C0045,P0023,S003,5,888.86,0.0,0,Cash,Completed
O00390,2025-12-13,C0021,P0037,S004,4,1625.66,325.13,0,Card,Completed
O00391,2025-03-09,C0053,P0033,S001,1,1226.2,183.93,0,Card,Completed
O00392,2025-12-31,C0002,P0015,S005,10,746.48,746.48,0,UPI,Completed
O00393,2025-08-27,C0049,P0023,S008,5,888.86,222.22,0,UPI,Completed
O00394,2025-09-19,C0080,P0026,S010,2,1712.19,0.0,0,UPI,Completed
O00395,2025-09-04,C0077,P0039,S005,5,603.51,0.0,0,Cash,Completed
O00396,2025-12-02,C0036,P0041,S006,5,1612.03,806.01,0,UPI,Completed
O00397,2025-12-05,C0067,P0049,S004,1,969.43,145.41,0,UPI,Completed
O00398,2025-08-03,C0093,P0002,S008,5,1919.77,959.89,0,Net Banking,Completed
O00399,2025-04-24,C0005,P0038,S010,4,1329.92,531.97,0,Net Banking,Cancelled
O00400,2025-12-03,C0086,P0023,S009,5,888.86,222.22,0,Card,Completed
O00401,2025-12-15,C0061,P0009,S005,9,2290.86,1030.89,0,UPI,Completed
O00402,2025-06-19,C0029,P0023,S004,5,888.86,666.64,0,UPI,Completed
O00403,2025-11-21,C0038,P0030,S002,8,267.11,0.0,0,Cash,Completed
O00404,2025-07-31,C0025,P0033,S002,7,1226.2,858.34,0,Cash,Completed
O00405,2025-10-19,C0020,P0009,S004,6,2290.86,2061.77,0,Net Banking,Completed
O00406,2025-11-20,C0092,P0012,S002,8,2046.14,1636.91,0,Card,Completed
O00407,2025-03-28,C0008,P0001,S008,5,1383.98,346.0,0,Card,Completed
O00408,2025-11-21,C0098,P0050,S002,3,955.7,430.07,0,Net Banking,Completed
O00409,2025-07-11,C0062,P0025,S001,1,221.76,11.09,0,Cash,Completed
O00410,2025-11-17,C0097,P0034,S004,1,582.17,0.0,0,Card,Completed
O00411,2025-09-15,C0045,P0020,S003,2,1439.39,431.82,0,UPI,Completed
O00412,2025-08-11,C0006,P0020,S005,8,1439.39,1151.51,0,Card,Completed
O00413,2025-01-10,C0063,P0023,S004,3,888.86,399.99,0,Card,Completed
O00414,2025-03-05,C0017,P0014,S001,10,1255.9,627.95,0,UPI,Completed
O00415,2025-11-01,C0005,P0025,S005,9,221.76,0.0,0,Cash,Completed
O00416,2025-08-16,C0084,P0002,S001,2,1919.77,575.93,0,Net Banking,Completed
O00417,2025-06-04,C0033,P0031,S003,4,1248.18,0.0,0,Net Banking,Completed
O00418,2025-08-03,C0085,P0034,S005,10,582.17,291.08,0,Cash,Completed
O00419,2025-09-12,C0080,P0008,S005,2,1176.73,0.0,0,Card,Completed
O00420,2025-12-27,C0100,P0017,S009,4,2005.24,802.1,0,Net Banking,Completed
O00421,2025-06-19,C0006,P0036,S008,4,1065.1,639.06,0,Card,Completed
O00422,2025-03-18,C0086,P0006,S002,10,1428.87,2143.3,0,Cash,Completed
O00423,2025-08-22,C0010,P0047,S002,5,1161.35,290.34,0,UPI,Completed
O00424,2025-07-04,C0007,P0007,S003,1,1370.89,137.09,0,UPI,Completed
O00425,2025-12-06,C0015,P0007,S001,1,1370.89,68.54,0,Card,Completed
O00426,2025-06-25,C0057,P0040,S005,2,1024.91,204.98,0,Card,Completed
O00427,2025-08-04,C0052,P0030,S005,7,267.11,280.47,0,Card,Completed
O00428,2025-08-02,C0090,P0047,S001,3,1161.35,0.0,0,Net Banking,Completed
O00429,2025-07-03,C0087,P0029,S003,10,773.79,1160.68,0,Cash,Completed
O00430,2025-07-30,C0094,P0009,S008,8,2290.86,0.0,0,Net Banking,Completed
O00431,2025-12-09,C0034,P0042,S006,1,1300.38,65.02,0,UPI,Completed
O00432,2025-12-05,C0089,P0045,S010,2,1902.16,570.65,0,Card,Completed
O00433,2025-01-06,C0085,P0044,S007,3,2159.63,0.0,0,Card,Completed
O00434,2025-06-14,C0061,P0032,S003,2,2118.05,635.42,0,Card,Completed
O00435,2025-07-26,C0036,P0004,S009,4,918.38,551.03,0,Card,Completed
O00436,2025-08-17,C0057,P0037,S008,2,1625.66,487.7,0,UPI,Completed
O00437,2025-07-31,C0064,P0048,S001,2,181.2,54.36,0,Cash,Completed
O00438,2025-09-18,C0001,P0006,S010,10,1428.87,1428.87,0,Card,Completed
O00439,2025-08-21,C0059,P0022,S006,1,229.27,11.46,0,UPI,Completed
O00440,2025-02-28,C0080,P0039,S008,6,603.51,543.16,0,Cash,Completed
O00441,2025-10-08,C0029,P0001,S006,6,1383.98,830.39,0,UPI,Completed
O00442,2025-02-24,C0006,P0011,S008,3,1174.63,528.58,0,UPI,Completed
O00443,2025-04-08,C0025,P0008,S007,4,1176.73,706.04,0,UPI,Completed
O00444,2025-08-23,C0054,P0003,S010,2,1858.13,557.44,0,Card,Returned
O00445,2025-10-27,C0001,P0034,S001,9,582.17,785.93,0,Net Banking,Cancelled
O00446,2025-02-23,C0100,P0012,S010,3,2046.14,306.92,0,Net Banking,Completed
O00447,2025-11-08,C0078,P0021,S009,7,1301.36,1366.43,0,Card,Completed
O00448,2025-07-31,C0044,P0019,S008,3,273.93,41.09,0,UPI,Completed
O00449,2025-04-18,C0071,P0021,S009,4,1301.36,260.27,0,UPI,Completed
O00450,2025-12-30,C0087,P0009,S003,9,2290.86,2061.77,0,Cash,Completed
O00451,2025-12-12,C0072,P0031,S010,10,1248.18,1872.27,0,UPI,Completed
O00452,2025-07-15,C0055,P0001,S009,2,1383.98,0.0,0,Card,Completed
O00453,2025-12-16,C0008,P0013,S005,3,748.7,224.61,0,UPI,Completed
O00454,2025-07-03,C0008,P0045,S005,4,1902.16,0.0,0,Net Banking,Completed
O00455,2025-05-02,C0087,P0048,S009,4,181.2,108.72,0,UPI,Completed
O00456,2025-10-10,C0007,P0025,S007,7,221.76,155.23,0,Cash,Completed
O00457,2025-11-21,C0033,P0013,S010,8,748.7,299.48,0,UPI,Completed
O00458,2025-05-31,C0070,P0048,S010,4,181.2,36.24,0,Net Banking,Completed
O00459,2025-07-13,C0088,P0005,S003,3,1505.51,0.0,0,Cash,Completed
O00460,2025-01-03,C0072,P0017,S003,3,2005.24,601.57,0,UPI,Completed
O00461,2025-11-17,C0020,P0003,S003,6,1858.13,0.0,0,UPI,Completed
O00462,2025-09-27,C0074,P0036,S006,2,1065.1,213.02,0,Card,Returned
O00463,2025-10-06,C0067,P0005,S009,3,1505.51,677.48,0,Net Banking,Completed
O00464,2025-05-31,C0029,P0014,S006,6,1255.9,753.54,0,Card,Returned
O00465,2025-02-28,C0080,P0034,S008,9,582.17,0.0,0,UPI,Completed
O00466,2025-12-16,C0083,P0040,S010,4,1024.91,0.0,0,UPI,Completed
O00467,2025-01-13,C0015,P0025,S005,9,221.76,199.58,0,UPI,Completed
O00468,2025-11-30,C0066,P0029,S008,1,773.79,77.38,0,Card,Completed
O00469,2025-11-17,C0011,P0007,S003,9,1370.89,0.0,0,Cash,Completed
O00470,2025-04-16,C0081,P0050,S004,7,955.7,0.0,0,Net Banking,Completed
O00471,2025-06-19,C0010,P0048,S003,1,181.2,27.18,0,Cash,Completed
O00472,2025-10-22,C0007,P0012,S005,9,2046.14,0.0,0,Card,Cancelled
O00473,2025-06-11,C0053,P0025,S008,7,221.76,232.85,0,Cash,Completed
O00474,2025-10-27,C0016,P0035,S001,10,259.13,0.0,0,Cash,Completed
O00475,2025-12-18,C0010,P0023,S009,2,888.86,177.77,0,UPI,Completed
O00476,2025-12-05,C0037,P0049,S008,7,969.43,1017.9,0,Cash,Completed
O00477,2025-11-21,C0069,P0015,S003,7,746.48,522.54,0,Card,Completed
O00478,2025-03-05,C0094,P0042,S006,1,1300.38,65.02,0,Cash,Completed
O00479,2025-06-06,C0077,P0026,S009,9,1712.19,0.0,0,Card,Completed
O00480,2025-03-24,C0093,P0023,S004,7,888.86,311.1,0,Card,Completed
O00481,2025-10-09,C0033,P0013,S002,3,748.7,0.0,0,Net Banking,Completed
O00482,2025-04-12,C0010,P0019,S002,5,273.93,0.0,0,Net Banking,Returned
O00483,2025-11-14,C0046,P0009,S004,2,2290.86,458.17,0,Cash,Cancelled
O00484,2025-12-22,C0041,P0032,S008,6,2118.05,1270.83,0,Card,Completed
O00485,2025-06-10,C0047,P0021,S007,3,1301.36,0.0,0,Card,Completed
O00486,2025-03-10,C0092,P0048,S007,5,181.2,90.6,0,UPI,Completed
O00487,2025-10-10,C0060,P0029,S006,5,773.79,580.34,0,Cash,Completed
O00488,2025-05-15,C0078,P0006,S005,3,1428.87,214.33,0,Cash,Completed
O00489,2025-10-30,C0003,P0033,S001,10,1226.2,1839.3,0,Card,Cancelled
O00490,2025-12-01,C0071,P0017,S009,9,2005.24,2707.07,0,Card,Completed
O00491,2025-08-26,C0029,P0050,S010,5,955.7,238.93,0,Cash,Completed
O00492,2025-09-21,C0065,P0001,S004,10,1383.98,691.99,0,Card,Completed
O00493,2025-07-03,C0023,P0037,S010,3,1625.66,731.55,0,Cash,Completed
O00494,2025-04-30,C0063,P0015,S002,5,746.48,373.24,0,Cash,Completed
O00495,2025-01-24,C0067,P0024,S007,8,288.47,346.16,0,Cash,Returned
O00496,2025-10-24,C0042,P0007,S009,5,1370.89,685.45,0,Card,Completed
O00497,2025-07-12,C0049,P0024,S010,2,288.47,57.69,0,Card,Completed
O00498,2025-09-14,C0046,P0023,S008,8,888.86,0.0,0,Card,Completed
O00499,2025-03-18,C0030,P0005,S009,5,1505.51,376.38,0,Card,Completed
O00500,2025-06-19,C0078,P0046,S002,4,754.49,452.69,0,Cash,Completed
O00501,2025-11-28,C0062,P0031,S004,10,1248.18,624.09,0,Net Banking,Completed
O00502,2025-03-10,C0006,P0009,S010,10,2290.86,1145.43,0,Cash,Completed
O00503,2025-09-22,C0019,P0004,S003,5,918.38,229.59,0,Net Banking,Completed
O00504,2025-04-21,C0073,P0041,S001,5,1612.03,0.0,0,Net Banking,Completed
O00505,2025-11-04,C0061,P0031,S003,4,1248.18,748.91,0,Card,Completed
O00506,2025-03-27,C0099,P0012,S010,9,2046.14,1841.53,0,UPI,Cancelled
O00507,2025-07-17,C0077,P0038,S002,4,1329.92,797.95,0,Card,Completed
O00508,2025-11-07,C0026,P0034,S009,7,582.17,203.76,0,Cash,Completed
O00509,2025-02-17,C0079,P0039,S001,9,603.51,0.0,0,Net Banking,Completed
O00510,2025-07-09,C0078,P0035,S001,7,259.13,272.09,0,Cash,Completed
O00511,2025-10-29,C0055,P0015,S008,7,746.48,522.54,0,Cash,Completed
O00512,2025-11-03,C0033,P0031,S004,2,1248.18,249.64,0,Net Banking,Completed
O00513,2025-09-24,C0001,P0046,S001,10,754.49,0.0,0,Cash,Completed
O00514,2025-02-24,C0027,P0045,S006,7,1902.16,1331.51,0,Card,Completed
O00515,2025-10-17,C0075,P0017,S005,9,2005.24,2707.07,0,UPI,Completed
O00516,2025-04-02,C0088,P0026,S004,7,1712.19,1797.8,0,UPI,Completed
O00517,2025-12-28,C0062,P0017,S005,10,2005.24,2005.24,0,Net Banking,Completed
O00518,2025-02-21,C0085,P0008,S004,8,1176.73,470.69,0,Card,Completed
O00519,2025-07-19,C0044,P0036,S010,1,1065.1,53.25,0,Cash,Completed
O00520,2025-02-02,C0019,P0031,S010,7,1248.18,0.0,0,UPI,Completed
O00521,2025-11-11,C0011,P0039,S001,7,603.51,633.69,0,UPI,Completed
O00522,2025-01-06,C0077,P0004,S003,8,918.38,1102.06,0,Card,Completed
O00523,2025-11-11,C0067,P0019,S004,1,273.93,13.7,0,Card,Completed
O00524,2025-05-22,C0047,P0016,S001,3,1450.9,0.0,0,Net Banking,Completed
O00525,2025-12-27,C0051,P0026,S010,4,1712.19,0.0,0,Cash,Cancelled
O00526,2025-06-27,C0071,P0019,S009,10,273.93,273.93,0,UPI,Completed
O00527,2025-05-14,C0025,P0030,S007,10,267.11,0.0,0,Card,Completed
O00528,2025-06-24,C0014,P0036,S002,9,1065.1,958.59,0,Cash,Completed
O00529,2025-07-13,C0033,P0035,S010,5,259.13,194.35,0,Net Banking,Completed
O00530,2025-09-04,C0097,P0022,S008,8,229.27,0.0,0,Cash,Completed
O00531,2025-07-31,C0049,P0041,S004,4,1612.03,644.81,0,UPI,Completed
O00532,2025-02-17,C0002,P0045,S005,4,1902.16,760.86,0,Net Banking,Completed
O00533,2025-06-10,C0044,P0005,S009,3,1505.51,677.48,0,UPI,Completed
O00534,2025-04-13,C0074,P0018,S003,4,1251.95,751.17,0,Card,Completed
O00535,2025-11-13,C0034,P0014,S004,4,1255.9,251.18,0,UPI,Completed
O00536,2025-10-05,C0014,P0008,S002,8,1176.73,0.0,0,Cash,Completed
O00537,2025-09-09,C0048,P0040,S006,8,1024.91,819.93,0,Card,Returned
O00538,2025-01-28,C0066,P0018,S007,4,1251.95,250.39,0,Net Banking,Completed
O00539,2025-12-18,C0070,P0003,S009,6,1858.13,1672.32,0,Card,Completed
O00540,2025-12-19,C0016,P0045,S009,8,1902.16,1521.73,0,Cash,Completed
O00541,2025-07-05,C0027,P0025,S010,2,221.76,44.35,0,UPI,Completed
O00542,2025-07-07,C0034,P0016,S005,8,1450.9,1160.72,0,Card,Completed
O00543,2025-05-24,C0027,P0027,S006,6,1703.9,1533.51,0,Net Banking,Completed
O00544,2025-05-01,C0017,P0037,S004,2,1625.66,325.13,0,Net Banking,Completed
O00545,2025-04-01,C0026,P0010,S003,8,1826.7,0.0,0,Net Banking,Completed
O00546,2025-06-03,C0081,P0034,S009,6,582.17,523.95,0,UPI,Completed
O00547,2025-01-31,C0073,P0004,S007,2,918.38,91.84,0,Card,Completed
O00548,2025-05-14,C0061,P0041,S002,8,1612.03,1289.62,0,UPI,Completed
O00549,2025-03-04,C0072,P0017,S006,1,2005.24,300.79,0,UPI,Completed
O00550,2025-05-26,C0078,P0013,S010,10,748.7,374.35,0,UPI,Completed
O00551,2025-11-11,C0066,P0032,S008,2,2118.05,635.42,0,UPI,Completed
O00552,2025-02-06,C0019,P0011,S006,7,1174.63,1233.36,0,Cash,Completed
O00553,2025-11-06,C0030,P0021,S006,5,1301.36,650.68,0,Net Banking,Completed
O00554,2025-07-31,C0057,P0050,S006,10,955.7,1433.55,0,Card,Completed
O00555,2025-04-18,C0003,P0009,S004,5,2290.86,0.0,0,Card,Completed
O00556,2025-01-14,C0013,P0005,S008,9,1505.51,0.0,0,Net Banking,Completed
O00557,2025-02-13,C0011,P0007,S005,10,1370.89,685.45,0,Net Banking,Completed
O00558,2025-03-09,C0032,P0048,S005,8,181.2,72.48,0,Card,Completed
O00559,2025-10-04,C0085,P0023,S006,8,888.86,1066.63,0,UPI,Completed
O00560,2025-11-20,C0018,P0045,S009,3,1902.16,855.97,0,Net Banking,Completed
O00561,2025-10-04,C0082,P0035,S005,6,259.13,233.22,0,Card,Completed
O00562,2025-03-21,C0057,P0020,S006,7,1439.39,1007.57,0,UPI,Completed
O00563,2025-08-29,C0067,P0049,S003,6,969.43,581.66,0,Cash,Completed
O00564,2025-08-09,C0063,P0049,S008,5,969.43,0.0,0,UPI,Completed
O00565,2025-10-15,C0001,P0036,S006,4,1065.1,639.06,0,Net Banking,Completed
O00566,2025-05-15,C0021,P0046,S007,7,754.49,264.07,0,Cash,Completed
O00567,2025-11-29,C0031,P0034,S010,5,582.17,291.08,0,UPI,Completed
O00568,2025-11-23,C0009,P0012,S003,5,2046.14,0.0,0,Net Banking,Completed
O00569,2025-06-14,C0035,P0045,S010,8,1902.16,760.86,0,Cash,Completed
O00570,2025-05-18,C0069,P0002,S003,2,1919.77,383.95,0,Card,Completed
O00571,2025-01-08,C0094,P0001,S004,2,1383.98,138.4,0,Net Banking,Completed
O00572,2025-12-23,C0054,P0020,S008,6,1439.39,1295.45,0,Cash,Completed
O00573,2025-02-06,C0097,P0010,S001,5,1826.7,1370.02,0,Net Banking,Completed
O00574,2025-07-17,C0033,P0025,S001,2,221.76,22.18,0,Net Banking,Completed
O00575,2025-08-31,C0005,P0013,S008,2,748.7,74.87,0,Net Banking,Completed
O00576,2025-05-10,C0040,P0021,S003,1,1301.36,0.0,0,Net Banking,Completed
O00577,2025-05-01,C0026,P0024,S001,4,288.47,0.0,0,Net Banking,Completed
O00578,2025-05-05,C0022,P0018,S010,2,1251.95,375.58,0,Cash,Returned
O00579,2025-07-10,C0075,P0045,S008,10,1902.16,951.08,0,Cash,Completed
O00580,2025-01-31,C0064,P0006,S010,6,1428.87,0.0,0,UPI,Completed
O00581,2025-04-30,C0090,P0035,S002,3,259.13,116.61,0,UPI,Returned
O00582,2025-01-11,C0083,P0049,S006,8,969.43,387.77,0,Net Banking,Completed
O00583,2025-10-14,C0018,P0017,S001,8,2005.24,2406.29,0,UPI,Completed
O00584,2025-06-15,C0063,P0013,S010,3,748.7,224.61,0,Net Banking,Completed
O00585,2025-08-19,C0077,P0036,S003,2,1065.1,106.51,0,UPI,Completed
O00586,2025-04-05,C0070,P0024,S008,1,288.47,43.27,0,Cash,Completed
O00587,2025-02-02,C0047,P0050,S010,4,955.7,382.28,0,Net Banking,Completed
O00588,2025-06-15,C0088,P0032,S009,3,2118.05,635.42,0,Net Banking,Completed
O00589,2025-03-08,C0015,P0007,S009,2,1370.89,0.0,0,Card,Completed
O00590,2025-01-17,C0026,P0007,S008,4,1370.89,0.0,0,Net Banking,Completed
O00591,2025-07-07,C0068,P0040,S010,5,1024.91,0.0,0,Card,Completed
O00592,2025-08-28,C0010,P0001,S004,8,1383.98,0.0,0,Cash,Completed
O00593,2025-09-28,C0096,P0027,S006,1,1703.9,170.39,0,Cash,Completed
O00594,2025-02-21,C0039,P0005,S004,9,1505.51,0.0,0,Card,Completed
O00595,2025-10-13,C0025,P0013,S009,4,748.7,149.74,0,Net Banking,Completed
O00596,2025-12-26,C0099,P0041,S010,6,1612.03,1450.83,0,Net Banking,Completed
O00597,2025-12-03,C0022,P0012,S009,7,2046.14,1432.3,0,Card,Completed
O00598,2025-07-10,C0077,P0029,S006,6,773.79,464.27,0,Net Banking,Completed
O00599,2025-10-16,C0056,P0047,S006,10,1161.35,580.68,0,Card,Completed
O00600,2025-08-18,C0071,P0048,S005,6,181.2,163.08,0,Net Banking,Completed
O00601,2025-06-04,C0005,P0019,S010,1,273.93,13.7,0,Cash,Completed
O00602,2025-10-11,C0029,P0014,S006,1,1255.9,125.59,0,Card,Completed
O00603,2025-07-07,C0059,P0023,S003,3,888.86,266.66,0,Card,Completed
O00604,2025-02-09,C0039,P0006,S010,7,1428.87,500.1,0,UPI,Completed
O00605,2025-01-20,C0023,P0032,S010,2,2118.05,423.61,0,Net Banking,Completed
O00606,2025-08-02,C0008,P0050,S006,6,955.7,860.13,0,Cash,Completed
O00607,2025-01-28,C0030,P0048,S010,1,181.2,27.18,0,UPI,Completed
O00608,2025-09-15,C0041,P0035,S010,3,259.13,77.74,0,Card,Completed
O00609,2025-04-24,C0087,P0047,S007,8,1161.35,0.0,0,Net Banking,Completed
O00610,2025-09-01,C0051,P0010,S003,6,1826.7,0.0,0,Cash,Completed
O00611,2025-12-24,C0034,P0006,S007,9,1428.87,1928.97,0,Card,Completed
O00612,2025-11-30,C0062,P0036,S004,8,1065.1,1278.12,0,Card,Completed
O00613,2025-05-17,C0095,P0034,S004,4,582.17,0.0,0,Net Banking,Completed
O00614,2025-07-07,C0074,P0006,S002,7,1428.87,1500.31,0,UPI,Completed
O00615,2025-06-29,C0045,P0039,S001,5,603.51,150.88,0,Net Banking,Completed
O00616,2025-03-21,C0057,P0003,S004,4,1858.13,743.25,0,Cash,Completed
O00617,2025-01-08,C0007,P0016,S010,3,1450.9,435.27,0,UPI,Completed
O00618,2025-06-19,C0015,P0020,S008,8,1439.39,0.0,0,Card,Completed
O00619,2025-10-08,C0028,P0014,S009,9,1255.9,1130.31,0,Net Banking,Completed
O00620,2025-05-11,C0019,P0045,S001,7,1902.16,0.0,0,Card,Completed
O00621,2025-08-27,C0026,P0045,S010,5,1902.16,0.0,0,Cash,Completed
O00622,2025-05-30,C0085,P0018,S006,2,1251.95,0.0,0,Net Banking,Completed
O00623,2025-11-02,C0049,P0033,S002,6,1226.2,1103.58,0,Cash,Completed
O00624,2025-05-07,C0065,P0030,S009,1,267.11,0.0,0,UPI,Completed
O00625,2025-12-17,C0051,P0048,S003,1,181.2,18.12,0,UPI,Completed
O00626,2025-11-17,C0039,P0016,S009,5,1450.9,0.0,0,UPI,Completed
O00627,2025-06-24,C0004,P0036,S005,4,1065.1,213.02,0,Net Banking,Completed
O00628,2025-08-02,C0012,P0047,S007,9,1161.35,522.61,0,Card,Completed
O00629,2025-10-05,C0055,P0020,S010,6,1439.39,1295.45,0,Card,Completed
O00630,2025-06-08,C0018,P0038,S009,4,1329.92,265.98,0,Card,Completed
O00631,2025-02-04,C0099,P0010,S010,3,1826.7,548.01,0,Cash,Completed
O00632,2025-07-30,C0019,P0047,S001,6,1161.35,1045.21,0,UPI,Completed
O00633,2025-02-24,C0082,P0048,S005,3,181.2,27.18,0,Card,Completed
O00634,2025-11-02,C0098,P0040,S010,5,1024.91,256.23,0,Card,Completed
O00635,2025-09-15,C0004,P0023,S002,8,888.86,355.54,0,Net Banking,Completed
O00636,2025-03-12,C0048,P0012,S007,8,2046.14,2455.37,0,Card,Completed
O00637,2025-04-24,C0005,P0027,S001,5,1703.9,1277.92,0,Card,Completed
O00638,2025-12-19,C0009,P0012,S008,10,2046.14,3069.21,0,UPI,Completed
O00639,2025-06-10,C0032,P0028,S007,1,2096.23,314.43,0,Net Banking,Completed
O00640,2025-09-24,C0096,P0037,S010,9,1625.66,0.0,0,Cash,Completed
O00641,2025-01-21,C0006,P0016,S009,9,1450.9,1958.71,0,Net Banking,Completed
O00642,2025-07-23,C0081,P0004,S004,5,918.38,688.78,0,UPI,Completed
O00643,2025-11-10,C0037,P0030,S003,7,267.11,186.98,0,Cash,Completed
O00644,2025-04-03,C0019,P0030,S008,2,267.11,0.0,0,Card,Completed
O00645,2025-10-30,C0042,P0029,S001,3,773.79,348.21,0,Card,Completed
O00646,2025-02-16,C0012,P0017,S006,3,2005.24,0.0,0,Cash,Completed
O00647,2025-09-19,C0082,P0024,S002,9,288.47,389.43,0,Card,Completed
O00648,2025-03-25,C0049,P0003,S003,6,1858.13,557.44,0,Card,Completed
O00649,2025-08-17,C0092,P0004,S007,5,918.38,459.19,0,UPI,Completed
O00650,2025-01-07,C0016,P0009,S004,1,2290.86,229.09,0,Net Banking,Completed
O00651,2025-05-02,C0064,P0035,S001,10,259.13,388.69,0,Card,Completed
O00652,2025-11-04,C0061,P0030,S007,8,267.11,0.0,0,Cash,Completed
O00653,2025-01-26,C0071,P0018,S010,9,1251.95,563.38,0,Card,Completed
O00654,2025-12-08,C0084,P0023,S001,3,888.86,0.0,0,UPI,Completed
O00655,2025-03-24,C0012,P0004,S002,7,918.38,321.43,0,UPI,Completed
O00656,2025-08-22,C0089,P0045,S010,10,1902.16,951.08,0,UPI,Cancelled
O00657,2025-07-14,C0012,P0050,S005,6,955.7,573.42,0,Cash,Completed
O00658,2025-03-04,C0071,P0005,S005,8,1505.51,602.2,0,UPI,Completed
O00659,2025-02-25,C0053,P0034,S004,4,582.17,0.0,0,Cash,Completed
O00660,2025-05-13,C0089,P0039,S005,7,603.51,422.46,0,UPI,Cancelled
O00661,2025-09-10,C0079,P0037,S008,9,1625.66,2194.64,0,Card,Completed
O00662,2025-03-02,C0030,P0046,S005,4,754.49,0.0,0,Cash,Completed
O00663,2025-07-31,C0016,P0048,S004,10,181.2,271.8,0,Cash,Completed
O00664,2025-12-20,C0072,P0041,S004,1,1612.03,80.6,0,UPI,Completed
O00665,2025-01-04,C0009,P0020,S005,9,1439.39,1295.45,0,Cash,Completed
O00666,2025-03-31,C0044,P0026,S010,10,1712.19,0.0,0,Card,Completed
O00667,2025-11-27,C0044,P0044,S008,8,2159.63,0.0,0,Card,Completed
O00668,2025-07-31,C0081,P0030,S009,6,267.11,240.4,0,Cash,Completed
O00669,2025-04-17,C0039,P0037,S006,9,1625.66,0.0,0,UPI,Completed
O00670,2025-06-23,C0046,P0005,S003,5,1505.51,0.0,0,Net Banking,Completed
O00671,2025-11-01,C0022,P0037,S010,7,1625.66,568.98,0,Cash,Completed
O00672,2025-07-31,C0097,P0020,S006,1,1439.39,143.94,0,Cash,Completed
O00673,2025-09-26,C0031,P0024,S008,5,288.47,72.12,0,UPI,Completed
O00674,2025-09-17,C0048,P0003,S004,2,1858.13,557.44,0,Cash,Completed
O00675,2025-09-26,C0065,P0010,S004,6,1826.7,1644.03,0,UPI,Completed
O00676,2025-04-16,C0019,P0050,S002,9,955.7,430.07,0,Cash,Completed
O00677,2025-01-23,C0092,P0034,S002,1,582.17,58.22,0,Cash,Completed
O00678,2025-10-23,C0006,P0007,S009,5,1370.89,0.0,0,UPI,Completed
O00679,2025-05-22,C0027,P0021,S004,4,1301.36,520.54,0,UPI,Completed
O00680,2025-05-21,C0086,P0008,S005,3,1176.73,176.51,0,Cash,Completed
O00681,2025-10-05,C0080,P0036,S009,2,1065.1,106.51,0,UPI,Completed
O00682,2025-03-29,C0035,P0010,S005,10,1826.7,913.35,0,Cash,Completed
O00683,2025-01-15,C0044,P0035,S008,1,259.13,12.96,0,Net Banking,Cancelled
O00684,2025-08-07,C0007,P0007,S007,1,1370.89,0.0,0,Net Banking,Completed
O00685,2025-06-09,C0077,P0038,S008,10,1329.92,1329.92,0,UPI,Completed
O00686,2025-10-18,C0092,P0049,S009,2,969.43,290.83,0,Card,Completed
O00687,2025-12-17,C0090,P0030,S002,8,267.11,213.69,0,Net Banking,Completed
O00688,2025-07-20,C0029,P0010,S010,5,1826.7,913.35,0,Card,Completed
O00689,2025-01-16,C0086,P0022,S006,8,229.27,275.12,0,Cash,Completed
O00690,2025-06-28,C0045,P0031,S008,3,1248.18,374.45,0,Card,Completed
O00691,2025-06-04,C0052,P0046,S002,6,754.49,0.0,0,Net Banking,Completed
O00692,2025-09-04,C0053,P0016,S010,4,1450.9,290.18,0,Net Banking,Completed
O00693,2025-10-18,C0027,P0045,S010,7,1902.16,1997.27,0,UPI,Completed
O00694,2025-02-28,C0031,P0012,S002,10,2046.14,3069.21,0,Net Banking,Completed
O00695,2025-02-05,C0013,P0029,S003,5,773.79,580.34,0,Cash,Completed
O00696,2025-11-27,C0077,P0050,S007,6,955.7,860.13,0,Cash,Completed
O00697,2025-08-20,C0018,P0038,S001,3,1329.92,199.49,0,UPI,Completed
O00698,2025-06-03,C0074,P0029,S004,4,773.79,309.52,0,UPI,Cancelled
O00699,2025-11-10,C0056,P0046,S006,2,754.49,0.0,0,Net Banking,Completed
O00700,2025-01-01,C0038,P0004,S006,9,918.38,0.0,0,UPI,Completed
O00701,2025-11-17,C0037,P0002,S004,7,1919.77,2015.76,0,UPI,Completed
O00702,2025-12-06,C0052,P0025,S007,9,221.76,99.79,0,Card,Completed
O00703,2025-03-20,C0025,P0036,S007,6,1065.1,958.59,0,UPI,Returned
O00704,2025-11-28,C0086,P0009,S003,1,2290.86,0.0,0,Cash,Completed
O00705,2025-03-12,C0063,P0043,S007,3,1377.28,0.0,0,Net Banking,Completed
O00706,2025-08-21,C0090,P0039,S007,10,603.51,301.76,0,Net Banking,Completed
O00707,2025-08-06,C0058,P0025,S006,4,221.76,44.35,0,Cash,Completed
O00708,2025-10-07,C0094,P0016,S009,5,1450.9,1088.17,0,UPI,Completed
O00709,2025-10-25,C0005,P0037,S008,6,1625.66,0.0,0,Net Banking,Returned
O00710,2025-09-22,C0011,P0010,S009,5,1826.7,1370.02,0,Cash,Completed
O00711,2025-12-17,C0079,P0006,S004,8,1428.87,0.0,0,UPI,Completed
O00712,2025-09-20,C0044,P0035,S001,8,259.13,310.96,0,Net Banking,Completed
O00713,2025-03-27,C0043,P0027,S006,5,1703.9,851.95,0,Cash,Completed
O00714,2025-02-01,C0077,P0048,S005,10,181.2,181.2,0,Net Banking,Completed
O00715,2025-05-27,C0074,P0004,S005,10,918.38,0.0,0,Net Banking,Completed
O00716,2025-11-12,C0065,P0005,S005,5,1505.51,376.38,0,UPI,Completed
O00717,2025-10-30,C0033,P0001,S002,10,1383.98,691.99,0,Card,Completed
O00718,2025-04-03,C0048,P0012,S005,4,2046.14,1227.68,0,Cash,Completed
O00719,2025-07-31,C0011,P0010,S010,3,1826.7,822.01,0,Net Banking,Completed
O00720,2025-01-28,C0057,P0047,S003,4,1161.35,464.54,0,UPI,Completed
O00721,2025-09-01,C0015,P0004,S003,8,918.38,1102.06,0,UPI,Completed
O00722,2025-08-31,C0097,P0035,S004,7,259.13,272.09,0,UPI,Completed
O00723,2025-12-14,C0056,P0001,S005,8,1383.98,1660.78,0,UPI,Returned
O00724,2025-08-10,C0088,P0003,S002,9,1858.13,1672.32,0,UPI,Completed
O00725,2025-08-25,C0035,P0007,S005,10,1370.89,2056.34,0,Card,Completed
O00726,2025-12-13,C0076,P0050,S004,9,955.7,860.13,0,Card,Completed
O00727,2025-07-30,C0002,P0044,S001,2,2159.63,0.0,0,Cash,Completed
O00728,2025-05-09,C0088,P0029,S006,4,773.79,309.52,0,Card,Completed
O00729,2025-11-03,C0080,P0006,S001,10,1428.87,714.43,0,Cash,Completed
O00730,2025-12-03,C0016,P0006,S010,3,1428.87,642.99,0,Card,Completed
O00731,2025-12-05,C0090,P0012,S005,5,2046.14,1534.61,0,Cash,Completed
O00732,2025-03-24,C0036,P0050,S007,6,955.7,573.42,0,Cash,Completed
O00733,2025-05-13,C0008,P0025,S007,6,221.76,0.0,0,UPI,Completed
O00734,2025-04-02,C0009,P0032,S004,10,2118.05,3177.07,0,Net Banking,Completed
O00735,2025-08-15,C0070,P0050,S007,4,955.7,0.0,0,UPI,Completed
O00736,2025-01-10,C0010,P0005,S010,5,1505.51,1129.13,0,Net Banking,Completed
O00737,2025-03-19,C0082,P0001,S001,7,1383.98,968.79,0,UPI,Cancelled
O00738,2025-08-12,C0074,P0001,S009,8,1383.98,1660.78,0,Net Banking,Completed
O00739,2025-07-16,C0100,P0005,S009,4,1505.51,0.0,0,Net Banking,Completed
O00740,2025-01-29,C0069,P0023,S006,5,888.86,666.64,0,Cash,Completed
O00741,2025-04-01,C0044,P0006,S008,5,1428.87,357.22,0,Cash,Returned
O00742,2025-11-19,C0085,P0013,S005,7,748.7,0.0,0,UPI,Completed
O00743,2025-04-09,C0081,P0029,S004,3,773.79,0.0,0,Cash,Completed
O00744,2025-10-04,C0076,P0016,S008,7,1450.9,0.0,0,UPI,Completed
O00745,2025-06-22,C0058,P0002,S001,6,1919.77,0.0,0,Cash,Completed
O00746,2025-10-24,C0028,P0042,S009,8,1300.38,520.15,0,Card,Cancelled
O00747,2025-08-30,C0005,P0048,S003,8,181.2,0.0,0,Cash,Completed
O00748,2025-06-07,C0084,P0009,S001,3,2290.86,0.0,0,Cash,Completed
O00749,2025-09-12,C0022,P0038,S002,2,1329.92,0.0,0,Card,Completed
O00750,2025-03-03,C0026,P0028,S006,7,2096.23,1467.36,0,Card,Completed
O00751,2025-06-21,C0028,P0049,S001,10,969.43,484.71,0,Cash,Completed
O00752,2025-10-11,C0019,P0049,S007,3,969.43,290.83,0,Card,Completed
O00753,2025-03-22,C0075,P0003,S003,2,1858.13,557.44,0,Cash,Completed
O00754,2025-12-28,C0011,P0001,S001,3,1383.98,0.0,0,UPI,Completed
O00755,2025-11-24,C0099,P0031,S003,4,1248.18,249.64,0,UPI,Completed
O00756,2025-11-02,C0053,P0016,S003,10,1450.9,0.0,0,Card,Completed
O00757,2025-01-03,C0079,P0006,S005,6,1428.87,1285.98,0,Card,Completed
O00758,2025-08-26,C0068,P0007,S010,6,1370.89,411.27,0,Card,Completed
O00759,2025-04-01,C0025,P0008,S003,8,1176.73,1412.08,0,Card,Completed
O00760,2025-08-11,C0006,P0004,S006,5,918.38,229.59,0,UPI,Completed
O00761,2025-10-03,C0098,P0030,S001,2,267.11,0.0,0,Card,Completed
O00762,2025-05-01,C0004,P0032,S009,2,2118.05,0.0,0,Net Banking,Completed
O00763,2025-02-26,C0042,P0027,S004,6,1703.9,511.17,0,UPI,Completed
O00764,2025-04-23,C0031,P0048,S007,4,181.2,108.72,0,Cash,Completed
O00765,2025-11-09,C0063,P0004,S007,3,918.38,137.76,0,Net Banking,Completed
O00766,2025-05-19,C0048,P0009,S008,4,2290.86,916.34,0,Card,Completed
O00767,2025-03-11,C0005,P0045,S010,1,1902.16,190.22,0,Cash,Completed
O00768,2025-06-01,C0059,P0027,S003,6,1703.9,511.17,0,Card,Completed
O00769,2025-02-14,C0082,P0040,S003,10,1024.91,512.46,0,Net Banking,Completed
O00770,2025-05-23,C0063,P0014,S010,8,1255.9,1507.08,0,Cash,Completed
O00771,2025-10-24,C0095,P0016,S004,6,1450.9,1305.81,0,Card,Completed
O00772,2025-01-23,C0076,P0010,S010,1,1826.7,274.0,0,Cash,Returned
O00773,2025-09-29,C0094,P0050,S009,1,955.7,143.35,0,Net Banking,Completed
O00774,2025-02-12,C0090,P0007,S008,8,1370.89,548.36,0,Cash,Completed
O00775,2025-05-03,C0053,P0014,S003,6,1255.9,753.54,0,Cash,Completed
O00776,2025-08-21,C0086,P0020,S003,8,1439.39,0.0,0,Net Banking,Completed
O00777,2025-12-27,C0091,P0026,S003,6,1712.19,1540.97,0,Cash,Completed
O00778,2025-06-01,C0010,P0025,S006,9,221.76,0.0,0,Net Banking,Completed
O00779,2025-12-17,C0090,P0040,S009,10,1024.91,512.46,0,Cash,Completed
O00780,2025-01-27,C0043,P0048,S001,9,181.2,163.08,0,Cash,Completed
O00781,2025-03-31,C0060,P0040,S001,6,1024.91,614.95,0,Cash,Completed
O00782,2025-10-04,C0100,P0014,S003,6,1255.9,376.77,0,Cash,Completed
O00783,2025-06-14,C0095,P0049,S010,4,969.43,193.89,0,UPI,Completed
O00784,2025-02-02,C0065,P0044,S007,5,2159.63,0.0,0,UPI,Completed
O00785,2025-12-30,C0063,P0033,S009,2,1226.2,367.86,0,UPI,Completed
O00786,2025-02-14,C0048,P0044,S002,4,2159.63,1295.78,0,Cash,Completed
O00787,2025-05-22,C0023,P0019,S002,2,273.93,27.39,0,Cash,Completed
O00788,2025-05-31,C0064,P0010,S004,9,1826.7,0.0,0,Net Banking,Returned
O00789,2025-08-16,C0070,P0009,S008,6,2290.86,2061.77,0,Cash,Completed
O00790,2025-07-30,C0009,P0002,S004,9,1919.77,1727.79,0,UPI,Completed
O00791,2025-08-23,C0042,P0032,S010,9,2118.05,2859.37,0,UPI,Completed
O00792,2025-07-10,C0040,P0011,S005,4,1174.63,704.78,0,UPI,Completed
O00793,2025-03-27,C0007,P0010,S006,5,1826.7,1370.02,0,Card,Completed
O00794,2025-05-02,C0037,P0012,S003,3,2046.14,306.92,0,Cash,Completed
O00795,2025-07-09,C0041,P0037,S003,8,1625.66,1300.53,0,Card,Completed
O00796,2025-07-10,C0091,P0003,S006,6,1858.13,557.44,0,Net Banking,Completed
O00797,2025-07-27,C0021,P0035,S005,2,259.13,0.0,0,Net Banking,Completed
O00798,2025-11-28,C0059,P0021,S003,1,1301.36,130.14,0,UPI,Completed
O00799,2025-06-23,C0038,P0049,S010,3,969.43,436.24,0,Cash,Completed
O00800,2025-01-13,C0006,P0009,S009,2,2290.86,458.17,0,Net Banking,Completed
O00801,2025-01-29,C0029,P0029,S006,2,773.79,154.76,0,Card,Completed
O00802,2025-02-12,C0029,P0050,S005,4,955.7,0.0,0,Net Banking,Completed
O00803,2025-06-12,C0012,P0033,S007,4,1226.2,735.72,0,Cash,Cancelled
O00804,2025-07-17,C0047,P0026,S003,7,1712.19,1198.53,0,UPI,Completed
O00805,2025-04-21,C0045,P0023,S005,8,888.86,0.0,0,Net Banking,Completed
O00806,2025-08-01,C0054,P0029,S005,3,773.79,348.21,0,Card,Completed
O00807,2025-09-01,C0077,P0006,S003,4,1428.87,571.55,0,UPI,Completed
O00808,2025-07-29,C0076,P0049,S007,2,969.43,0.0,0,UPI,Completed
O00809,2025-04-06,C0072,P0030,S010,3,267.11,40.07,0,Net Banking,Completed
O00810,2025-09-10,C0063,P0003,S005,10,1858.13,1858.13,0,Net Banking,Completed
O00811,2025-03-05,C0001,P0010,S005,5,1826.7,1370.02,0,UPI,Completed
O00812,2025-05-22,C0063,P0045,S004,1,1902.16,0.0,0,Net Banking,Returned
O00813,2025-10-17,C0009,P0039,S006,10,603.51,905.26,0,Net Banking,Completed
O00814,2025-09-20,C0081,P0044,S008,2,2159.63,431.93,0,Cash,Completed
O00815,2025-08-25,C0021,P0038,S001,3,1329.92,398.98,0,Card,Completed
O00816,2025-01-25,C0007,P0018,S006,7,1251.95,876.37,0,UPI,Completed
O00817,2025-02-18,C0082,P0005,S009,4,1505.51,301.1,0,Card,Completed
O00818,2025-02-19,C0041,P0044,S005,5,2159.63,1079.82,0,UPI,Completed
O00819,2025-09-06,C0002,P0009,S009,5,2290.86,1145.43,0,Net Banking,Completed
O00820,2025-04-07,C0021,P0007,S004,3,1370.89,205.63,0,Cash,Completed
O00821,2025-06-28,C0010,P0008,S003,1,1176.73,176.51,0,UPI,Completed
O00822,2025-03-30,C0018,P0029,S010,9,773.79,696.41,0,UPI,Completed
O00823,2025-06-07,C0016,P0015,S003,3,746.48,111.97,0,Card,Completed
O00824,2025-09-05,C0011,P0028,S002,2,2096.23,0.0,0,Net Banking,Completed
O00825,2025-08-29,C0014,P0003,S009,10,1858.13,0.0,0,Cash,Cancelled
O00826,2025-03-05,C0006,P0005,S005,1,1505.51,0.0,0,Card,Completed
O00827,2025-03-16,C0026,P0012,S006,1,2046.14,0.0,0,UPI,Cancelled
O00828,2025-09-16,C0045,P0023,S003,9,888.86,399.99,0,Cash,Completed
O00829,2025-04-09,C0075,P0049,S001,9,969.43,436.24,0,UPI,Completed
O00830,2025-09-16,C0097,P0035,S001,2,259.13,25.91,0,Net Banking,Completed
O00831,2025-07-01,C0076,P0012,S008,2,2046.14,204.61,0,Net Banking,Completed
O00832,2025-03-05,C0066,P0015,S007,2,746.48,149.3,0,Net Banking,Completed
O00833,2025-02-12,C0018,P0032,S006,5,2118.05,0.0,0,UPI,Completed
O00834,2025-12-18,C0050,P0019,S008,10,273.93,273.93,0,Net Banking,Completed
O00835,2025-09-01,C0053,P0019,S007,4,273.93,0.0,0,UPI,Completed
O00836,2025-09-25,C0087,P0032,S002,7,2118.05,2223.95,0,Cash,Completed
O00837,2025-02-03,C0051,P0026,S010,2,1712.19,171.22,0,UPI,Returned
O00838,2025-04-30,C0044,P0013,S010,7,748.7,0.0,0,Net Banking,Completed
O00839,2025-11-26,C0036,P0049,S010,10,969.43,969.43,0,Net Banking,Completed
O00840,2025-03-17,C0086,P0039,S007,8,603.51,482.81,0,Net Banking,Completed
O00841,2025-01-16,C0033,P0032,S008,4,2118.05,423.61,0,Cash,Completed
O00842,2025-11-06,C0009,P0032,S001,3,2118.05,953.12,0,UPI,Completed
O00843,2025-08-27,C0080,P0040,S002,2,1024.91,307.47,0,Card,Completed
O00844,2025-10-04,C0064,P0032,S009,5,2118.05,1059.03,0,Cash,Returned
O00845,2025-06-11,C0005,P0028,S002,7,2096.23,2201.04,0,Net Banking,Completed
O00846,2025-12-28,C0005,P0003,S003,9,1858.13,1672.32,0,Card,Completed
O00847,2025-10-19,C0018,P0020,S007,8,1439.39,0.0,0,Net Banking,Completed
O00848,2025-10-15,C0088,P0035,S010,8,259.13,310.96,0,Card,Completed
O00849,2025-11-12,C0051,P0017,S008,10,2005.24,3007.86,0,UPI,Completed
O00850,2025-03-07,C0037,P0021,S001,1,1301.36,0.0,0,UPI,Completed
O00851,2025-02-19,C0095,P0038,S001,6,1329.92,1196.93,0,Net Banking,Completed
O00852,2025-05-07,C0046,P0027,S006,1,1703.9,85.2,0,Card,Completed
O00853,2025-06-22,C0076,P0006,S002,5,1428.87,0.0,0,Card,Completed
O00854,2025-05-17,C0042,P0003,S008,7,1858.13,1951.04,0,Cash,Completed
O00855,2025-06-15,C0076,P0002,S006,7,1919.77,2015.76,0,Cash,Completed
O00856,2025-09-15,C0013,P0045,S004,6,1902.16,1711.94,0,UPI,Completed
O00857,2025-11-22,C0039,P0024,S007,4,288.47,173.08,0,Cash,Completed
O00858,2025-06-02,C0069,P0014,S005,5,1255.9,0.0,0,Net Banking,Completed
O00859,2025-10-31,C0080,P0048,S002,10,181.2,0.0,0,UPI,Completed
O00860,2025-06-27,C0073,P0034,S008,7,582.17,203.76,0,Cash,Completed
O00861,2025-04-13,C0039,P0033,S005,7,1226.2,858.34,0,Net Banking,Completed
O00862,2025-01-10,C0080,P0033,S008,9,1226.2,551.79,0,Card,Completed
O00863,2025-10-17,C0028,P0043,S008,5,1377.28,1032.96,0,Cash,Completed
O00864,2025-12-17,C0047,P0030,S003,4,267.11,53.42,0,UPI,Completed
O00865,2025-05-17,C0053,P0021,S002,4,1301.36,780.82,0,UPI,Completed
O00866,2025-05-03,C0033,P0044,S010,4,2159.63,1295.78,0,Cash,Completed
O00867,2025-10-14,C0004,P0016,S005,8,1450.9,1741.08,0,Net Banking,Completed
O00868,2025-01-15,C0005,P0013,S003,5,748.7,187.18,0,UPI,Completed
O00869,2025-09-06,C0036,P0043,S009,3,1377.28,0.0,0,Cash,Completed
O00870,2025-07-28,C0011,P0021,S010,5,1301.36,0.0,0,UPI,Completed
O00871,2025-10-20,C0012,P0026,S003,4,1712.19,0.0,0,Cash,Completed
O00872,2025-02-16,C0075,P0050,S009,5,955.7,716.77,0,Card,Completed
O00873,2025-05-01,C0099,P0021,S006,10,1301.36,1952.04,0,Net Banking,Completed
O00874,2025-07-29,C0014,P0012,S004,5,2046.14,1534.61,0,UPI,Completed
O00875,2025-06-12,C0008,P0032,S009,6,2118.05,0.0,0,Net Banking,Completed
O00876,2025-07-08,C0032,P0018,S003,6,1251.95,1126.76,0,UPI,Completed
O00877,2025-10-10,C0078,P0003,S001,4,1858.13,743.25,0,Net Banking,Completed
O00878,2025-08-15,C0090,P0024,S002,9,288.47,129.81,0,Net Banking,Completed
O00879,2025-06-02,C0051,P0017,S005,2,2005.24,200.52,0,Card,Completed
O00880,2025-05-21,C0021,P0029,S006,7,773.79,0.0,0,Cash,Completed
O00881,2025-02-21,C0063,P0031,S007,6,1248.18,1123.36,0,Card,Completed
O00882,2025-08-21,C0065,P0005,S006,7,1505.51,1053.86,0,Cash,Completed
O00883,2025-01-02,C0083,P0042,S003,8,1300.38,520.15,0,Net Banking,Completed
O00884,2025-03-22,C0040,P0021,S010,2,1301.36,0.0,0,Card,Completed
O00885,2025-06-13,C0099,P0042,S003,10,1300.38,1950.57,0,Net Banking,Completed
O00886,2025-05-25,C0095,P0009,S005,3,2290.86,687.26,0,Card,Completed
O00887,2025-01-11,C0048,P0012,S007,7,2046.14,716.15,0,Cash,Cancelled
O00888,2025-04-12,C0083,P0040,S004,2,1024.91,307.47,0,UPI,Completed
O00889,2025-11-04,C0022,P0004,S007,10,918.38,1377.57,0,UPI,Completed
O00890,2025-09-27,C0048,P0011,S010,2,1174.63,0.0,0,Net Banking,Completed
O00891,2025-04-15,C0059,P0044,S008,2,2159.63,215.96,0,Card,Cancelled
O00892,2025-08-09,C0035,P0019,S008,7,273.93,95.88,0,Card,Completed
O00893,2025-07-29,C0037,P0047,S004,7,1161.35,406.47,0,Card,Completed
O00894,2025-07-09,C0034,P0016,S010,8,1450.9,580.36,0,Net Banking,Completed
O00895,2025-07-16,C0061,P0009,S006,7,2290.86,801.8,0,Net Banking,Completed
O00896,2025-01-27,C0033,P0005,S002,9,1505.51,0.0,0,UPI,Cancelled
O00897,2025-01-03,C0061,P0023,S010,10,888.86,0.0,0,UPI,Completed
O00898,2025-10-14,C0049,P0020,S007,6,1439.39,431.82,0,Cash,Completed
O00899,2025-08-28,C0034,P0011,S009,8,1174.63,939.7,0,Card,Completed
O00900,2025-03-01,C0091,P0034,S007,3,582.17,174.65,0,UPI,Completed
O00901,2025-05-25,C0017,P0032,S005,6,2118.05,1906.25,0,UPI,Completed
O00902,2025-03-26,C0098,P0017,S009,6,2005.24,1804.72,0,UPI,Completed
O00903,2025-01-28,C0063,P0049,S003,9,969.43,1308.73,0,Card,Completed
O00904,2025-03-25,C0030,P0012,S001,8,2046.14,1636.91,0,Net Banking,Completed
O00905,2025-08-23,C0064,P0003,S008,6,1858.13,1672.32,0,Net Banking,Completed
O00906,2025-04-15,C0093,P0010,S002,6,1826.7,0.0,0,UPI,Completed
O00907,2025-10-26,C0022,P0048,S009,5,181.2,45.3,0,Cash,Completed
O00908,2025-09-13,C0074,P0012,S007,2,2046.14,204.61,0,Cash,Completed
O00909,2025-10-30,C0004,P0019,S002,7,273.93,191.75,0,Cash,Completed
O00910,2025-08-21,C0020,P0002,S002,8,1919.77,2303.72,0,UPI,Completed
O00911,2025-06-16,C0001,P0022,S001,10,229.27,343.91,0,Card,Completed
O00912,2025-02-06,C0007,P0042,S005,6,1300.38,0.0,0,Net Banking,Completed
O00913,2025-01-11,C0033,P0012,S004,7,2046.14,0.0,0,Card,Completed
O00914,2025-06-02,C0100,P0026,S005,3,1712.19,0.0,0,Net Banking,Completed
O00915,2025-12-07,C0095,P0020,S010,3,1439.39,431.82,0,Cash,Completed
O00916,2025-09-01,C0066,P0013,S008,8,748.7,898.44,0,UPI,Completed
O00917,2025-08-11,C0055,P0006,S007,6,1428.87,428.66,0,Net Banking,Completed
O00918,2025-09-11,C0066,P0022,S008,4,229.27,45.85,0,Cash,Completed
O00919,2025-03-07,C0056,P0006,S008,5,1428.87,357.22,0,UPI,Completed
O00920,2025-10-10,C0067,P0028,S005,10,2096.23,0.0,0,Cash,Cancelled
O00921,2025-02-18,C0066,P0007,S009,7,1370.89,1439.43,0,Net Banking,Completed
O00922,2025-09-15,C0073,P0017,S006,5,2005.24,0.0,0,Cash,Completed
O00923,2025-01-24,C0085,P0030,S003,3,267.11,120.2,0,Cash,Completed
O00924,2025-12-10,C0091,P0020,S006,10,1439.39,2159.09,0,Net Banking,Completed
O00925,2025-02-10,C0034,P0022,S003,4,229.27,45.85,0,UPI,Completed
O00926,2025-07-22,C0014,P0028,S009,1,2096.23,0.0,0,Cash,Completed
O00927,2025-06-05,C0084,P0031,S008,7,1248.18,1310.59,0,UPI,Completed
O00928,2025-03-06,C0089,P0044,S007,5,2159.63,0.0,0,Card,Completed
O00929,2025-09-04,C0015,P0002,S004,1,1919.77,95.99,0,Card,Completed
O00930,2025-06-04,C0056,P0041,S009,4,1612.03,0.0,0,Net Banking,Completed
O00931,2025-12-26,C0055,P0002,S002,3,1919.77,287.97,0,Net Banking,Returned
O00932,2025-04-14,C0061,P0002,S008,10,1919.77,959.89,0,UPI,Completed
O00933,2025-11-19,C0051,P0004,S006,1,918.38,0.0,0,Net Banking,Returned
O00934,2025-01-19,C0064,P0048,S010,10,181.2,181.2,0,Net Banking,Completed
O00935,2025-02-01,C0066,P0038,S010,8,1329.92,531.97,0,Cash,Completed
O00936,2025-08-31,C0041,P0036,S002,5,1065.1,798.82,0,Cash,Completed
O00937,2025-03-24,C0083,P0023,S008,7,888.86,0.0,0,UPI,Completed
O00938,2025-10-28,C0061,P0023,S008,4,888.86,177.77,0,UPI,Cancelled
O00939,2025-12-31,C0092,P0043,S008,3,1377.28,413.18,0,Net Banking,Returned
O00940,2025-11-15,C0087,P0042,S006,8,1300.38,520.15,0,Card,Completed
O00941,2025-04-13,C0096,P0006,S008,3,1428.87,214.33,0,Card,Completed
O00942,2025-04-18,C0013,P0027,S008,5,1703.9,425.98,0,Cash,Returned
O00943,2025-09-15,C0046,P0017,S006,3,2005.24,300.79,0,Cash,Completed
O00944,2025-03-03,C0044,P0028,S002,10,2096.23,1048.12,0,Card,Completed
O00945,2025-03-19,C0044,P0023,S001,9,888.86,799.97,0,Cash,Completed
O00946,2025-10-15,C0057,P0030,S002,2,267.11,0.0,0,Cash,Completed
O00947,2025-03-22,C0022,P0041,S002,4,1612.03,644.81,0,UPI,Completed
O00948,2025-11-28,C0098,P0033,S008,2,1226.2,122.62,0,UPI,Completed
O00949,2025-01-04,C0018,P0008,S004,8,1176.73,1412.08,0,Card,Completed
O00950,2025-02-13,C0061,P0022,S005,9,229.27,103.17,0,UPI,Completed
O00951,2025-09-29,C0097,P0027,S006,4,1703.9,340.78,0,Net Banking,Completed
O00952,2025-09-22,C0018,P0028,S007,7,2096.23,2201.04,0,UPI,Cancelled
O00953,2025-02-13,C0057,P0010,S001,9,1826.7,0.0,0,UPI,Completed
O00954,2025-01-19,C0099,P0011,S007,1,1174.63,176.19,0,Card,Cancelled
O00955,2025-07-25,C0008,P0041,S009,5,1612.03,1209.02,0,UPI,Completed
O00956,2025-12-25,C0041,P0023,S001,5,888.86,222.22,0,Net Banking,Completed
O00957,2025-12-24,C0027,P0035,S010,10,259.13,388.69,0,UPI,Completed
O00958,2025-01-19,C0084,P0026,S004,5,1712.19,0.0,0,UPI,Completed
O00959,2025-04-20,C0093,P0048,S003,9,181.2,163.08,0,Cash,Completed
O00960,2025-01-15,C0040,P0034,S006,3,582.17,0.0,0,UPI,Completed
O00961,2025-01-31,C0100,P0020,S007,9,1439.39,0.0,0,UPI,Completed
O00962,2025-08-18,C0065,P0023,S002,1,888.86,0.0,0,UPI,Completed
O00963,2025-06-29,C0001,P0030,S006,4,267.11,53.42,0,UPI,Completed
O00964,2025-02-23,C0092,P0037,S003,7,1625.66,568.98,0,UPI,Completed
O00965,2025-03-17,C0025,P0050,S006,8,955.7,0.0,0,Net Banking,Completed
O00966,2025-09-01,C0011,P0006,S001,7,1428.87,500.1,0,Card,Completed
O00967,2025-05-16,C0048,P0044,S009,7,2159.63,2267.61,0,Net Banking,Completed
O00968,2025-03-15,C0057,P0045,S008,7,1902.16,665.76,0,Card,Completed
O00969,2025-12-22,C0059,P0009,S009,9,2290.86,0.0,0,Card,Completed
O00970,2025-03-02,C0005,P0048,S003,9,181.2,163.08,0,Net Banking,Completed
O00971,2025-03-02,C0048,P0037,S005,1,1625.66,81.28,0,UPI,Completed
O00972,2025-03-15,C0048,P0020,S005,8,1439.39,0.0,0,Card,Completed
O00973,2025-04-04,C0054,P0004,S005,5,918.38,229.59,0,Net Banking,Completed
O00974,2025-09-04,C0071,P0023,S002,1,888.86,133.33,0,UPI,Completed
O00975,2025-03-12,C0044,P0025,S008,10,221.76,110.88,0,Net Banking,Completed
O00976,2025-11-16,C0086,P0029,S003,6,773.79,0.0,0,Net Banking,Completed
O00977,2025-05-23,C0051,P0022,S009,1,229.27,34.39,0,Cash,Completed
O00978,2025-11-26,C0091,P0002,S010,5,1919.77,0.0,0,Cash,Completed
O00979,2025-09-01,C0080,P0035,S010,1,259.13,12.96,0,Cash,Completed
O00980,2025-05-06,C0069,P0012,S001,5,2046.14,511.54,0,Net Banking,Completed
O00981,2025-09-09,C0069,P0039,S006,7,603.51,0.0,0,Cash,Completed
O00982,2025-07-15,C0024,P0027,S001,9,1703.9,1533.51,0,UPI,Completed
O00983,2025-04-04,C0013,P0035,S003,5,259.13,64.78,0,UPI,Completed
O00984,2025-11-11,C0020,P0020,S007,3,1439.39,0.0,0,UPI,Completed
O00985,2025-06-13,C0092,P0004,S005,7,918.38,0.0,0,Card,Completed
O00986,2025-04-14,C0042,P0017,S007,2,2005.24,0.0,0,Card,Completed
O00987,2025-02-28,C0076,P0016,S008,9,1450.9,1958.71,0,UPI,Completed
O00988,2025-01-15,C0060,P0036,S007,2,1065.1,319.53,0,Net Banking,Completed
O00989,2025-05-07,C0003,P0018,S009,10,1251.95,0.0,0,Card,Completed
O00990,2025-03-14,C0053,P0029,S002,9,773.79,348.21,0,UPI,Completed
O00991,2025-01-22,C0022,P0016,S009,7,1450.9,1523.45,0,Cash,Completed
O00992,2025-09-04,C0080,P0019,S003,1,273.93,0.0,0,UPI,Completed
O00993,2025-01-24,C0088,P0025,S006,4,221.76,88.7,0,Card,Completed
O00994,2025-12-24,C0073,P0005,S005,2,1505.51,451.65,0,Cash,Completed
O00995,2025-11-09,C0093,P0036,S005,7,1065.1,372.78,0,UPI,Completed
O00996,2025-05-06,C0044,P0041,S005,8,1612.03,1289.62,0,UPI,Completed
O00997,2025-11-27,C0059,P0039,S006,1,603.51,30.18,0,Cash,Completed
O00998,2025-07-21,C0001,P0001,S003,7,1383.98,1453.18,0,Cash,Completed
O00999,2025-12-10,C0084,P0042,S002,9,1300.38,0.0,0,Net Banking,Completed
O01000,2025-04-01,C0046,P0025,S010,6,221.76,199.58,0,Cash,Completed
O01001,2025-01-11,C0048,P0013,S008,1,748.7,37.44,0,UPI,Completed
O01002,2025-04-24,C0091,P0023,S004,2,888.86,177.77,0,Card,Returned
O01003,2025-01-04,C0047,P0003,S005,8,1858.13,743.25,0,Card,Returned
O01004,2025-03-29,C0082,P0026,S002,5,1712.19,1284.14,0,Card,Completed
O01005,2025-02-03,C0073,P0044,S010,10,2159.63,1079.82,0,Card,Completed
O01006,2025-04-09,C0017,P0017,S010,4,2005.24,802.1,0,Cash,Returned
O01007,2025-12-15,C0089,P0044,S009,10,2159.63,2159.63,0,Net Banking,Completed
O01008,2025-07-28,C0055,P0042,S001,6,1300.38,1170.34,0,UPI,Completed
O01009,2025-04-25,C0067,P0030,S008,6,267.11,0.0,0,Cash,Completed
O01010,2025-07-20,C0054,P0035,S008,6,259.13,0.0,0,Card,Completed
O01011,2025-05-08,C0074,P0002,S004,7,1919.77,0.0,0,Card,Completed
O01012,2025-08-10,C0040,P0005,S002,1,1505.51,225.83,0,Cash,Completed
O01013,2025-08-31,C0081,P0022,S005,4,229.27,0.0,0,Card,Returned
O01014,2025-11-04,C0007,P0022,S009,4,229.27,0.0,0,Net Banking,Completed
O01015,2025-02-01,C0081,P0029,S010,2,773.79,0.0,0,Cash,Completed
O01016,2025-01-29,C0089,P0005,S003,1,1505.51,225.83,0,UPI,Completed
O01017,2025-05-31,C0056,P0005,S002,1,1505.51,0.0,0,Net Banking,Completed
O01018,2025-08-21,C0080,P0049,S007,4,969.43,0.0,0,Net Banking,Completed
O01019,2025-11-30,C0055,P0040,S010,2,1024.91,204.98,0,Cash,Completed
O01020,2025-01-07,C0043,P0038,S004,2,1329.92,0.0,0,Cash,Completed
O01021,2025-07-01,C0025,P0037,S003,9,1625.66,1463.09,0,Net Banking,Completed
O01022,2025-01-23,C0080,P0029,S003,4,773.79,154.76,0,Cash,Completed
O01023,2025-10-26,C0075,P0028,S009,6,2096.23,1257.74,0,Card,Completed
O01024,2025-01-05,C0040,P0039,S006,5,603.51,301.76,0,Card,Completed
O01025,2025-04-11,C0065,P0036,S001,7,1065.1,745.57,0,Card,Completed
O01026,2025-12-22,C0026,P0005,S006,4,1505.51,903.31,0,Net Banking,Completed
O01027,2025-08-03,C0043,P0038,S010,6,1329.92,797.95,0,UPI,Completed
O01028,2025-11-24,C0059,P0003,S008,4,1858.13,0.0,0,Card,Completed
O01029,2025-06-19,C0060,P0040,S004,4,1024.91,614.95,0,Net Banking,Completed
O01030,2025-07-03,C0024,P0001,S006,1,1383.98,0.0,0,Cash,Completed
O01031,2025-01-23,C0019,P0019,S008,4,273.93,109.57,0,Cash,Completed
O01032,2025-06-23,C0037,P0012,S004,5,2046.14,511.54,0,Card,Completed
O01033,2025-12-13,C0003,P0012,S005,2,2046.14,0.0,0,Card,Completed
O01034,2025-05-03,C0015,P0022,S004,5,229.27,171.95,0,UPI,Completed
O01035,2025-12-31,C0085,P0011,S009,10,1174.63,1761.95,0,Cash,Completed
O01036,2025-12-22,C0017,P0013,S004,9,748.7,1010.75,0,UPI,Completed
O01037,2025-10-02,C0055,P0041,S004,1,1612.03,80.6,0,UPI,Completed
O01038,2025-09-18,C0042,P0016,S001,5,1450.9,362.73,0,Net Banking,Completed
O01039,2025-09-18,C0011,P0031,S010,2,1248.18,124.82,0,Net Banking,Completed
O01040,2025-09-23,C0083,P0049,S009,6,969.43,872.49,0,Net Banking,Completed
O01041,2025-08-31,C0092,P0024,S009,8,288.47,346.16,0,UPI,Completed
O01042,2025-04-14,C0082,P0038,S001,4,1329.92,265.98,0,Net Banking,Completed
O01043,2025-10-20,C0051,P0014,S005,7,1255.9,1318.7,0,Card,Cancelled
O01044,2025-02-13,C0048,P0017,S009,2,2005.24,200.52,0,UPI,Completed
O01045,2025-09-20,C0046,P0015,S010,1,746.48,111.97,0,UPI,Completed
O01046,2025-06-12,C0060,P0028,S007,6,2096.23,1886.61,0,UPI,Completed
O01047,2025-07-03,C0023,P0029,S004,5,773.79,0.0,0,Cash,Completed
O01048,2025-04-27,C0065,P0033,S009,2,1226.2,245.24,0,Cash,Completed
O01049,2025-04-11,C0047,P0003,S009,4,1858.13,743.25,0,UPI,Completed
O01050,2025-10-06,C0096,P0050,S005,4,955.7,191.14,0,UPI,Completed
O01051,2025-10-24,C0039,P0019,S006,7,273.93,287.63,0,Cash,Completed
O01052,2025-04-27,C0066,P0049,S003,7,969.43,339.3,0,Card,Completed
O01053,2025-06-24,,P0038,S009,8,1329.92,1595.9,0,Cash,Completed
O01054,2025-08-19,C0025,P0028,S007,4,2096.23,1257.74,0,Cash,Completed
O01055,2025-12-04,C0074,P0009,S005,1,2290.86,343.63,0,UPI,Completed
O01056,2025-06-16,C0054,P0028,S007,9,2096.23,1886.61,0,Cash,Completed
O01057,2025-07-15,C0005,P0009,S003,6,2290.86,2061.77,0,Card,Cancelled
O01058,2025-02-25,C0009,P0035,S007,4,259.13,155.48,0,UPI,Completed
O01059,2025-02-23,C0058,P0041,S005,2,1612.03,161.2,0,Card,Completed
O01060,2025-04-12,C0089,P0039,S008,1,603.51,30.18,0,Cash,Cancelled
O01061,2025-12-04,C0050,P0019,S004,4,273.93,109.57,0,Cash,Completed
O01062,2025-07-30,C0048,P0034,S001,3,582.17,174.65,0,Net Banking,Completed
O01063,2025-02-05,C0015,P0009,S009,7,2290.86,2405.4,0,Net Banking,Returned
O01064,2025-12-30,C0027,P0009,S004,5,2290.86,1718.15,0,Net Banking,Completed
O01065,2025-05-22,C0074,P0020,S010,4,1439.39,863.63,0,Card,Completed
O01066,2025-09-27,C0019,P0029,S002,7,773.79,270.83,0,UPI,Cancelled
O01067,2025-02-16,C0063,P0030,S008,10,267.11,0.0,0,UPI,Completed
O01068,2025-08-01,C0059,P0023,S005,7,888.86,311.1,0,Card,Completed
O01069,2025-12-04,C0080,P0047,S007,8,1161.35,1393.62,0,Card,Completed
O01070,2025-05-21,C0013,P0026,S001,4,1712.19,342.44,0,UPI,Completed
O01071,2025-10-11,C0009,P0045,S004,8,1902.16,2282.59,0,Cash,Returned
O01072,2025-07-29,C0010,P0049,S002,9,969.43,872.49,0,Net Banking,Completed
O01073,2025-02-07,C0027,P0033,S001,8,1226.2,0.0,0,Net Banking,Completed
O01074,2025-01-06,C0096,P0026,S004,7,1712.19,0.0,0,UPI,Completed
O01075,2025-02-04,C0018,P0021,S008,8,1301.36,1561.63,0,Cash,Completed
O01076,2025-05-23,C0032,P0046,S008,3,754.49,339.52,0,Card,Completed
O01077,2025-03-05,C0003,P0039,S002,3,603.51,181.05,0,Net Banking,Completed
O01078,2025-08-14,C0086,P0049,S001,5,969.43,242.36,0,UPI,Completed
O01079,2025-12-23,C0092,P0003,S009,4,1858.13,1114.88,0,Cash,Completed
O01080,2025-08-16,C0067,P0042,S002,7,1300.38,910.27,0,Cash,Completed
O01081,2025-07-11,C0007,P0050,S007,4,955.7,191.14,0,Card,Completed
O01082,2025-04-09,C0003,P0027,S001,1,1703.9,170.39,0,Cash,Completed
O01083,2025-08-01,C0013,P0043,S003,3,1377.28,0.0,0,Cash,Completed
O01084,2025-10-05,C0042,P0036,S004,10,1065.1,532.55,0,Net Banking,Cancelled
O01085,2025-06-15,C0016,P0015,S004,2,746.48,149.3,0,Card,Completed
O01086,2025-08-23,C0084,P0021,S001,7,1301.36,455.48,0,Card,Completed
O01087,2025-02-04,C0036,P0042,S010,6,1300.38,0.0,0,Card,Completed
O01088,2025-05-09,C0099,P0039,S008,2,603.51,60.35,0,Cash,Completed
O01089,2025-03-31,C0081,P0045,S007,3,1902.16,570.65,0,UPI,Returned
O01090,2025-11-08,C0086,P0031,S002,6,1248.18,0.0,0,Net Banking,Completed
O01091,2025-04-30,C0082,P0048,S004,9,181.2,0.0,0,Cash,Completed
O01092,2025-11-14,C0016,P0020,S004,7,1439.39,503.79,0,Cash,Completed
O01093,2025-07-12,C0048,P0032,S005,4,2118.05,423.61,0,Card,Completed
O01094,2025-03-10,C0031,P0047,S010,8,1161.35,929.08,0,UPI,Completed
O01095,2025-01-13,C0098,P0003,S009,7,1858.13,1300.69,0,Card,Completed
O01096,2025-12-07,C0043,P0022,S004,4,229.27,0.0,0,Card,Completed
O01097,2025-09-24,C0090,P0047,S004,10,1161.35,1742.02,0,UPI,Completed
O01098,2025-04-09,C0081,P0001,S002,8,1383.98,0.0,0,Cash,Completed
O01099,2025-10-31,C0019,P0014,S003,2,1255.9,125.59,0,Card,Completed
O01100,2025-04-12,C0011,P0028,S008,5,2096.23,524.06,0,Card,Completed
O01101,2025-11-22,C0078,P0016,S005,5,1450.9,1088.17,0,Card,Completed
O01102,2025-03-27,C0062,P0006,S006,7,1428.87,1500.31,0,Net Banking,Completed
O01103,2025-01-11,C0065,P0040,S007,3,1024.91,461.21,0,Net Banking,Completed
O01104,2025-10-11,C0011,P0049,S005,10,969.43,484.71,0,Card,Completed
O01105,2025-10-15,C0060,P0020,S008,5,1439.39,1079.54,0,Net Banking,Completed
O01106,2025-04-08,C0018,P0046,S008,4,754.49,150.9,0,Cash,Completed
O01107,2025-08-01,C0065,P0047,S006,8,1161.35,1393.62,0,Net Banking,Returned
O01108,2025-07-29,C0048,P0025,S008,5,221.76,0.0,0,Cash,Returned
O01109,2025-08-12,C0016,P0025,S010,3,221.76,33.26,0,UPI,Completed
O01110,2025-11-22,C0097,P0047,S006,9,1161.35,1567.82,0,UPI,Completed
O01111,2025-09-02,C0084,P0025,S007,4,221.76,44.35,0,Cash,Cancelled
O01112,2025-11-06,C0047,P0041,S001,3,1612.03,483.61,0,Net Banking,Cancelled
O01113,2025-01-07,C0019,P0017,S004,10,2005.24,1002.62,0,Cash,Completed
O01114,2025-09-23,C0083,P0046,S007,7,754.49,0.0,0,Card,Completed
O01115,2025-10-28,C0022,P0028,S005,5,2096.23,1572.17,0,UPI,Completed
O01116,2025-03-15,C0097,P0047,S002,2,1161.35,232.27,0,UPI,Completed
O01117,2025-09-09,C0096,P0026,S005,1,1712.19,85.61,0,Cash,Completed
O01118,2025-12-02,C0100,P0045,S007,9,1902.16,2567.92,0,UPI,Completed
O01119,2025-04-12,C0022,P0012,S006,3,2046.14,306.92,0,Net Banking,Completed
O01120,2025-04-13,C0015,P0029,S010,4,773.79,154.76,0,Cash,Completed
O01121,2025-11-17,C0098,P0013,S005,7,748.7,786.14,0,Cash,Completed
O01122,2025-03-05,C0022,P0006,S005,2,1428.87,428.66,0,UPI,Completed
O01123,2025-12-11,,P0038,S004,8,1329.92,1595.9,0,Cash,Completed
O01124,2025-02-19,C0035,P0049,S001,10,969.43,0.0,0,Card,Completed
O01125,2025-09-06,C0001,P0025,S010,9,221.76,199.58,0,Net Banking,Completed
O01126,2025-06-11,C0078,P0028,S006,6,2096.23,1257.74,0,Card,Cancelled
O01127,2025-07-02,C0086,P0026,S007,10,1712.19,0.0,0,UPI,Completed
O01128,2025-11-05,C0001,P0030,S007,3,267.11,0.0,0,Cash,Completed
O01129,2025-11-13,C0036,P0045,S004,6,1902.16,1711.94,0,Net Banking,Completed
O01130,2025-11-21,C0085,P0013,S001,6,748.7,0.0,0,UPI,Completed
O01131,2025-07-24,C0095,P0021,S008,4,1301.36,780.82,0,Cash,Completed
O01132,2025-11-07,C0061,P0043,S002,7,1377.28,964.1,0,Card,Completed
O01133,2025-09-12,C0067,P0037,S009,1,1625.66,81.28,0,Cash,Completed
O01134,2025-03-01,C0087,P0036,S008,3,1065.1,479.29,0,Net Banking,Completed
O01135,2025-02-24,C0031,P0016,S004,3,1450.9,0.0,0,Net Banking,Returned
O01136,2025-04-23,C0004,P0011,S006,7,1174.63,822.24,0,UPI,Completed
O01137,2025-02-16,C0086,P0008,S003,9,1176.73,1588.59,0,UPI,Completed
O01138,2025-07-13,C0074,P0050,S010,2,955.7,191.14,0,Net Banking,Completed
O01139,2025-03-01,C0072,P0028,S004,4,2096.23,838.49,0,UPI,Completed
O01140,2025-10-21,C0012,P0022,S010,4,229.27,0.0,0,UPI,Completed
O01141,2025-02-01,C0041,P0025,S010,1,221.76,22.18,0,Card,Completed
O01142,2025-02-24,C0055,P0021,S006,3,1301.36,195.2,0,Net Banking,Completed
O01143,2025-09-13,C0059,P0021,S003,5,1301.36,325.34,0,Net Banking,Completed
O01144,2025-06-08,C0037,P0010,S001,10,1826.7,1826.7,0,Cash,Completed
O01145,2025-05-30,C0091,P0037,S008,4,1625.66,975.4,0,Net Banking,Completed
O01146,2025-04-02,C0043,P0010,S004,4,1826.7,0.0,0,Net Banking,Completed
O01147,2025-06-22,C0039,P0043,S003,1,1377.28,206.59,0,Net Banking,Completed
O01148,2025-09-28,C0045,P0049,S007,7,969.43,0.0,0,UPI,Completed
O01149,2025-03-09,C0025,P0045,S009,7,1902.16,0.0,0,UPI,Completed
O01150,2025-10-23,C0075,P0004,S005,8,918.38,367.35,0,Card,Completed
O01151,2025-04-11,C0062,P0019,S003,4,273.93,54.79,0,Cash,Completed
O01152,2025-12-14,C0074,P0007,S003,7,1370.89,1439.43,0,Card,Cancelled
O01153,2025-03-02,C0013,P0023,S008,3,888.86,0.0,0,UPI,Completed
O01154,2025-03-02,C0020,P0041,S007,4,1612.03,0.0,0,Card,Completed
O01155,2025-12-21,C0039,P0045,S010,3,1902.16,855.97,0,Cash,Completed
O01156,2025-01-06,C0084,P0025,S005,8,221.76,177.41,0,Cash,Completed
O01157,2025-10-28,C0016,P0032,S009,4,2118.05,0.0,0,Net Banking,Completed
O01158,2025-09-05,C0096,P0007,S010,3,1370.89,616.9,0,Net Banking,Completed
O01159,2025-07-27,C0017,P0007,S006,2,1370.89,137.09,0,Cash,Completed
O01160,2025-04-17,C0069,P0034,S008,2,582.17,0.0,0,Cash,Completed
O01161,2025-06-10,C0077,P0045,S003,1,1902.16,285.32,0,Cash,Completed
O01162,2025-01-18,C0074,P0014,S003,2,1255.9,251.18,0,Cash,Returned
O01163,2025-08-05,C0065,P0020,S006,9,1439.39,647.73,0,Cash,Completed
O01164,2025-03-13,C0006,P0034,S005,9,582.17,785.93,0,Net Banking,Completed
O01165,2025-12-19,C0067,P0023,S010,9,888.86,399.99,0,Cash,Completed
O01166,2025-06-03,C0006,P0016,S001,4,1450.9,290.18,0,Card,Returned
O01167,2025-05-23,C0078,P0036,S004,10,1065.1,1065.1,0,Card,Completed
O01168,2025-07-15,C0055,P0005,S009,5,1505.51,752.76,0,Card,Completed
O01169,2025-02-06,C0011,P0017,S007,3,2005.24,300.79,0,UPI,Returned
O01170,2025-08-03,C0090,P0042,S004,6,1300.38,390.11,0,Card,Completed
O01171,2025-02-09,C0056,P0025,S001,10,221.76,110.88,0,UPI,Completed
O01172,2025-06-18,C0015,P0044,S009,7,2159.63,0.0,0,Cash,Completed
O01173,2025-05-21,C0043,P0050,S005,3,955.7,143.36,0,Cash,Completed
O01174,2025-09-27,C0029,P0025,S002,2,221.76,22.18,0,UPI,Completed
O01175,2025-10-10,C0063,P0007,S009,6,1370.89,822.53,0,UPI,Completed
O01176,2025-06-26,C0007,P0011,S006,7,1174.63,411.12,0,Net Banking,Completed
O01177,2025-12-03,C0017,P0017,S001,9,2005.24,902.36,0,Card,Completed
O01178,2025-12-29,C0073,P0048,S005,1,181.2,18.12,0,Card,Completed
O01179,2025-07-01,C0054,P0046,S008,3,754.49,339.52,0,Net Banking,Completed
O01180,2025-11-22,C0036,P0028,S009,4,2096.23,838.49,0,Cash,Cancelled
O01181,2025-02-09,C0053,P0050,S006,2,955.7,0.0,0,Card,Cancelled
O01182,2025-10-11,C0022,P0037,S001,2,1625.66,325.13,0,Net Banking,Completed
O01183,2025-09-12,C0002,P0028,S009,3,2096.23,943.3,0,Cash,Completed
O01184,2025-05-06,C0079,P0013,S001,7,748.7,524.09,0,Cash,Completed
O01185,2025-02-08,C0022,P0044,S009,4,2159.63,431.93,0,UPI,Completed
O01186,2025-07-14,C0066,P0023,S001,7,888.86,933.3,0,Card,Completed
O01187,2025-05-29,C0015,P0022,S004,9,229.27,0.0,0,UPI,Completed
O01188,2025-04-22,C0034,P0014,S001,10,1255.9,1883.85,0,UPI,Cancelled
O01189,2025-01-30,C0083,P0033,S001,8,1226.2,1471.44,0,UPI,Completed
O01190,2025-01-03,C0059,P0022,S005,6,229.27,0.0,0,UPI,Completed
O01191,2025-08-09,C0024,P0026,S006,1,1712.19,0.0,0,Net Banking,Completed
O01192,2025-09-07,C0068,P0033,S003,7,1226.2,0.0,0,Cash,Completed
O01193,2025-07-11,C0085,P0017,S004,8,2005.24,2406.29,0,UPI,Completed
O01194,2025-12-03,C0024,P0035,S005,2,259.13,77.74,0,Net Banking,Completed
O01195,2025-12-30,C0046,P0048,S007,1,181.2,18.12,0,Card,Completed
O01196,2025-06-19,C0037,P0003,S003,7,1858.13,1951.04,0,Cash,Completed
O01197,2025-09-08,C0026,P0031,S005,2,1248.18,374.45,0,Net Banking,Completed
O01198,2025-03-09,C0092,P0009,S006,7,2290.86,2405.4,0,Cash,Returned
O01199,2025-12-17,C0003,P0009,S003,6,2290.86,0.0,0,Card,Completed
O01200,2025-09-03,C0044,P0028,S010,1,2096.23,314.43,0,UPI,Completed
O01201,2025-09-19,C0011,P0049,S007,4,969.43,193.89,0,Card,Completed
O01202,2025-04-12,C0099,P0008,S005,4,1176.73,706.04,0,Net Banking,Completed
O01203,2025-04-07,C0014,P0045,S009,10,1902.16,951.08,0,Card,Completed
O01204,2025-03-16,C0017,P0026,S001,5,1712.19,428.05,0,Net Banking,Completed
O01205,2025-09-26,C0026,P0006,S001,7,1428.87,1500.31,0,UPI,Completed
O01206,2025-02-01,C0030,P0015,S006,7,746.48,783.8,0,Net Banking,Completed
O01207,2025-06-29,C0039,P0008,S005,6,1176.73,706.04,0,Net Banking,Completed
O01208,2025-12-05,C0007,P0012,S001,1,2046.14,0.0,0,UPI,Completed
O01209,2025-04-05,C0061,P0018,S010,2,1251.95,375.58,0,UPI,Cancelled
O01210,2025-12-09,C0047,P0022,S005,2,229.27,0.0,0,Cash,Completed
O01211,2025-10-29,C0099,P0009,S006,6,2290.86,1374.52,0,UPI,Completed
O01212,2025-02-24,C0036,P0014,S010,7,1255.9,0.0,0,Card,Completed
O01213,2025-04-09,C0078,P0008,S001,10,1176.73,588.37,0,Net Banking,Cancelled
O01214,2025-08-31,C0010,P0035,S010,6,259.13,155.48,0,Card,Completed
O01215,2025-10-09,C0020,P0003,S003,4,1858.13,1114.88,0,UPI,Completed
O01216,2025-11-19,C0098,P0036,S006,6,1065.1,958.59,0,Cash,Cancelled
O01217,2025-03-27,C0009,P0031,S007,9,1248.18,0.0,0,UPI,Completed
O01218,2025-12-22,C0017,P0019,S001,10,273.93,0.0,0,Card,Completed
O01219,2025-03-26,C0051,P0032,S009,9,2118.05,0.0,0,Net Banking,Completed
O01220,2025-04-16,C0050,P0036,S007,7,1065.1,745.57,0,Card,Completed
O01221,2025-09-15,C0074,P0014,S010,1,1255.9,188.39,0,UPI,Completed
O01222,2025-03-29,C0029,P0019,S005,9,273.93,0.0,0,Card,Completed
O01223,2025-03-10,C0031,P0019,S001,3,273.93,82.18,0,UPI,Completed
O01224,2025-01-01,C0007,P0042,S004,4,1300.38,0.0,0,UPI,Completed
O01225,2025-03-10,C0048,P0021,S002,9,1301.36,1171.22,0,Net Banking,Completed
O01226,2025-04-23,C0038,P0021,S001,1,1301.36,130.14,0,UPI,Completed
O01227,2025-12-01,C0003,P0035,S010,2,259.13,77.74,0,UPI,Completed
O01228,2025-04-23,C0082,P0039,S009,4,603.51,362.11,0,UPI,Completed
O01229,2025-04-29,C0075,P0041,S007,3,1612.03,725.41,0,Net Banking,Completed
O01230,2025-04-05,C0062,P0006,S008,3,1428.87,642.99,0,Card,Completed
O01231,2025-06-08,C0063,P0047,S003,5,1161.35,0.0,0,Card,Completed
O01232,2025-03-15,C0051,P0044,S010,4,2159.63,0.0,0,Cash,Completed
O01233,2025-01-07,C0059,P0042,S007,2,1300.38,130.04,0,Cash,Completed
O01234,2025-05-08,C0003,P0008,S001,1,1176.73,58.84,0,Cash,Completed
O01235,2025-10-05,C0081,P0039,S001,1,603.51,0.0,0,UPI,Completed
O01236,2025-03-25,C0011,P0013,S003,8,748.7,898.44,0,UPI,Completed
O01237,2025-11-18,C0020,P0016,S001,9,1450.9,1305.81,0,Cash,Completed
O01238,2025-09-19,C0006,P0007,S009,5,1370.89,0.0,0,Net Banking,Completed
O01239,2025-03-17,C0029,P0002,S004,7,1919.77,2015.76,0,UPI,Completed
O01240,2025-03-28,C0029,P0044,S007,2,2159.63,647.89,0,Cash,Completed
O01241,2025-03-02,C0037,P0023,S002,10,888.86,888.86,0,UPI,Cancelled
O01242,2025-08-08,C0011,P0003,S010,3,1858.13,278.72,0,UPI,Completed
O01243,2025-06-28,C0087,P0028,S003,5,2096.23,1048.12,0,Cash,Completed
O01244,2025-01-02,C0064,P0043,S006,5,1377.28,0.0,0,Card,Completed
O01245,2025-09-02,C0019,P0021,S003,7,1301.36,1366.43,0,Cash,Completed
O01246,2025-06-15,C0055,P0047,S005,3,1161.35,0.0,0,Card,Completed
O01247,2025-09-04,C0050,P0023,S006,8,888.86,1066.63,0,Net Banking,Completed
O01248,2025-08-03,C0082,P0022,S003,4,229.27,137.56,0,Net Banking,Completed
O01249,2025-02-12,C0064,P0035,S009,4,259.13,155.48,0,Net Banking,Completed
O01250,2025-07-05,C0100,P0045,S004,2,1902.16,190.22,0,Cash,Completed
O01251,2025-02-26,C0003,P0024,S009,8,288.47,115.39,0,Cash,Cancelled
O01252,2025-03-15,C0047,P0050,S003,5,955.7,716.77,0,Net Banking,Completed
O01253,2025-07-13,C0029,P0004,S003,2,918.38,91.84,0,Cash,Completed
O01254,2025-09-02,C0055,P0024,S001,2,288.47,0.0,0,Card,Completed
O01255,2025-01-07,C0047,P0010,S002,4,1826.7,0.0,0,Net Banking,Completed
O01256,2025-08-29,C0024,P0031,S003,9,1248.18,1123.36,0,Net Banking,Completed
O01257,2025-03-21,C0057,P0042,S001,5,1300.38,0.0,0,Cash,Completed
O01258,2025-01-06,C0005,P0039,S003,9,603.51,271.58,0,Net Banking,Completed
O01259,2025-12-30,C0088,P0030,S009,5,267.11,133.56,0,Card,Completed
O01260,2025-03-06,C0021,P0018,S002,9,1251.95,1690.13,0,Card,Completed
O01261,2025-12-21,C0008,P0015,S007,3,746.48,0.0,0,Net Banking,Completed
O01262,2025-01-28,C0084,P0042,S007,7,1300.38,455.13,0,UPI,Completed
O01263,2025-07-05,C0025,P0018,S002,2,1251.95,0.0,0,UPI,Completed
O01264,2025-04-19,C0037,P0011,S009,2,1174.63,0.0,0,Cash,Completed
O01265,2025-05-04,C0040,P0013,S009,4,748.7,0.0,0,UPI,Completed
O01266,2025-01-24,C0073,P0037,S001,10,1625.66,2438.49,0,Cash,Completed
O01267,2025-09-14,C0040,P0001,S006,5,1383.98,1037.98,0,Card,Completed
O01268,2025-06-19,C0051,P0047,S006,3,1161.35,0.0,0,Net Banking,Completed
O01269,2025-10-28,C0065,P0007,S009,3,1370.89,0.0,0,Net Banking,Completed
O01270,2025-02-10,C0005,P0019,S003,3,273.93,123.27,0,Cash,Returned
O01271,2025-08-18,C0030,P0014,S003,3,1255.9,376.77,0,Card,Completed
O01272,2025-05-03,C0047,P0040,S007,1,1024.91,153.74,0,Card,Returned
O01273,2025-02-19,C0078,P0005,S003,10,1505.51,2258.26,0,Cash,Completed
O01274,2025-08-21,C0040,P0036,S002,8,1065.1,0.0,0,UPI,Completed
O01275,2025-06-30,C0038,P0011,S002,5,1174.63,587.32,0,Cash,Completed
O01276,2025-05-12,C0091,P0050,S008,5,955.7,716.77,0,Net Banking,Completed
O01277,2025-07-06,C0018,P0008,S010,8,1176.73,0.0,0,UPI,Completed
O01278,2025-09-20,C0080,P0044,S003,8,2159.63,1727.7,0,UPI,Completed
O01279,2025-12-16,C0088,P0027,S009,8,1703.9,1363.12,0,Cash,Completed
O01280,2025-03-21,C0083,P0004,S004,9,918.38,0.0,0,Cash,Completed
O01281,2025-07-18,C0021,P0037,S007,2,1625.66,162.57,0,Net Banking,Completed
O01282,2025-02-25,C0045,P0030,S008,9,267.11,360.6,0,Cash,Completed
O01283,2025-06-18,C0014,P0026,S007,4,1712.19,1027.31,0,Cash,Completed
O01284,2025-05-23,C0078,P0032,S004,8,2118.05,0.0,0,Net Banking,Completed
O01285,2025-10-18,C0020,P0031,S003,4,1248.18,499.27,0,Cash,Returned
O01286,2025-08-31,C0100,P0025,S001,6,221.76,199.58,0,Card,Completed
O01287,2025-11-22,C0003,P0049,S007,5,969.43,484.71,0,Card,Completed
O01288,2025-12-31,C0009,P0018,S007,2,1251.95,250.39,0,Net Banking,Completed
O01289,2025-02-17,C0068,P0014,S005,3,1255.9,0.0,0,Net Banking,Completed
O01290,2025-08-03,C0097,P0020,S003,4,1439.39,575.76,0,Net Banking,Completed
O01291,2025-01-06,C0089,P0011,S007,6,1174.63,1057.17,0,Card,Completed
O01292,2025-12-07,C0086,P0038,S010,3,1329.92,398.98,0,UPI,Completed
O01293,2025-12-12,C0059,P0010,S008,6,1826.7,0.0,0,Net Banking,Completed
O01294,2025-11-24,C0093,P0001,S008,3,1383.98,622.79,0,Cash,Completed
O01295,2025-11-04,C0096,P0013,S007,9,748.7,336.92,0,Net Banking,Completed
O01296,2025-07-06,C0027,P0013,S010,1,748.7,74.87,0,Cash,Completed
O01297,2025-07-31,C0040,P0033,S002,8,1226.2,1471.44,0,Net Banking,Completed
O01298,2025-04-01,C0070,P0028,S009,6,2096.23,0.0,0,Net Banking,Completed
O01299,2025-07-15,C0023,P0036,S010,3,1065.1,479.29,0,UPI,Completed
O01300,2025-02-14,C0089,P0044,S007,5,2159.63,0.0,0,Cash,Completed
O01301,2025-11-16,C0003,P0040,S007,2,1024.91,307.47,0,Cash,Completed
O01302,2025-04-19,C0065,P0038,S001,5,1329.92,997.44,0,Card,Completed
O01303,2025-03-05,C0071,P0025,S002,4,221.76,133.06,0,UPI,Returned
O01304,2025-04-25,C0060,P0027,S007,1,1703.9,170.39,0,UPI,Completed
O01305,2025-01-03,C0085,P0017,S005,7,2005.24,701.83,0,Net Banking,Completed
O01306,2025-06-21,C0004,P0010,S006,9,1826.7,1644.03,0,Card,Returned
O01307,2025-11-12,C0056,P0016,S009,7,1450.9,507.82,0,Net Banking,Completed
O01308,2025-07-26,C0074,P0028,S003,7,2096.23,733.68,0,UPI,Completed
O01309,2025-11-20,C0056,P0015,S002,3,746.48,0.0,0,Net Banking,Completed
O01310,2025-04-15,C0081,P0017,S009,3,2005.24,601.57,0,Cash,Completed
O01311,2025-11-13,C0056,P0001,S010,3,1383.98,0.0,0,Cash,Completed
O01312,2025-04-06,C0004,P0048,S003,8,181.2,144.96,0,Card,Completed
O01313,2025-07-13,C0029,P0020,S004,9,1439.39,647.73,0,UPI,Completed
O01314,2025-02-26,C0036,P0006,S003,1,1428.87,0.0,0,Net Banking,Cancelled
O01315,2025-04-03,C0016,P0007,S003,5,1370.89,685.45,0,Cash,Completed
O01316,2025-01-12,C0047,P0014,S007,2,1255.9,376.77,0,Net Banking,Completed
O01317,2025-06-10,C0081,P0005,S004,7,1505.51,1580.79,0,Net Banking,Completed
O01318,2025-03-02,C0024,P0020,S001,3,1439.39,0.0,0,UPI,Returned
O01319,2025-03-23,C0062,P0040,S010,9,1024.91,0.0,0,UPI,Cancelled
O01320,2025-09-23,C0025,P0039,S001,9,603.51,0.0,0,Card,Completed
O01321,2025-03-12,C0047,P0008,S004,1,1176.73,117.67,0,Card,Completed
O01322,2025-04-13,C0089,P0009,S005,5,2290.86,1718.15,0,Cash,Completed
O01323,2025-08-12,C0071,P0042,S005,8,1300.38,1560.46,0,Net Banking,Cancelled
O01324,2025-02-22,C0033,P0012,S004,5,2046.14,1534.61,0,UPI,Completed
O01325,2025-08-05,C0027,P0047,S008,7,1161.35,1219.42,0,UPI,Completed
O01326,2025-04-13,C0080,P0007,S010,7,1370.89,1439.43,0,UPI,Completed
O01327,2025-09-19,C0081,P0005,S008,3,1505.51,0.0,0,UPI,Completed
O01328,2025-01-16,C0038,P0039,S009,6,603.51,543.16,0,Cash,Completed
O01329,2025-02-07,C0042,P0028,S003,6,2096.23,628.87,0,Card,Completed
O01330,2025-06-13,C0048,P0010,S006,2,1826.7,0.0,0,Cash,Completed
O01331,2025-10-15,C0028,P0030,S010,6,267.11,80.13,0,Cash,Completed
O01332,2025-10-15,C0078,P0014,S009,4,1255.9,0.0,0,UPI,Completed
O01333,2025-06-12,C0086,P0005,S010,7,1505.51,1580.79,0,UPI,Completed
O01334,2025-08-04,C0007,P0032,S008,1,2118.05,211.81,0,Cash,Completed
O01335,2025-05-02,C0022,P0039,S006,10,603.51,905.26,0,Cash,Completed
O01336,2025-03-09,C0083,P0037,S001,8,1625.66,1300.53,0,Net Banking,Completed
O01337,2025-02-05,C0069,P0034,S001,6,582.17,0.0,0,Net Banking,Completed
O01338,2025-06-27,C0054,P0047,S005,5,1161.35,580.68,0,Net Banking,Completed
O01339,2025-07-21,C0100,P0021,S008,10,1301.36,0.0,0,UPI,Completed
O01340,2025-01-15,C0059,P0032,S002,6,2118.05,0.0,0,Card,Completed
O01341,2025-04-26,C0002,P0009,S002,6,2290.86,2061.77,0,Card,Completed
O01342,2025-05-13,C0093,P0024,S009,1,288.47,0.0,0,Cash,Completed
O01343,2025-05-19,C0039,P0005,S005,6,1505.51,1354.96,0,Card,Cancelled
O01344,2025-03-17,C0075,P0030,S002,3,267.11,80.13,0,Net Banking,Completed
O01345,2025-10-23,C0086,P0008,S009,9,1176.73,529.53,0,Net Banking,Completed
O01346,2025-05-16,C0036,P0021,S008,4,1301.36,0.0,0,UPI,Completed
O01347,2025-02-08,C0046,P0036,S004,4,1065.1,0.0,0,Net Banking,Completed
O01348,2025-04-07,C0002,P0043,S004,8,1377.28,1652.74,0,Net Banking,Completed
O01349,2025-06-09,C0027,P0038,S009,9,1329.92,1196.93,0,Net Banking,Completed
O01350,2025-07-17,C0065,P0007,S003,4,1370.89,548.36,0,Net Banking,Completed
O01351,2025-05-23,C0066,P0013,S007,4,748.7,0.0,0,Net Banking,Completed
O01352,2025-02-24,C0040,P0037,S002,3,1625.66,731.55,0,Cash,Completed
O01353,2025-12-05,C0059,P0012,S005,1,2046.14,306.92,0,Net Banking,Completed
O01354,2025-04-19,C0016,P0036,S002,6,1065.1,958.59,0,Card,Completed
O01355,2025-05-20,C0056,P0033,S006,1,1226.2,183.93,0,UPI,Completed
O01356,2025-04-07,C0084,P0025,S007,4,221.76,88.7,0,Net Banking,Completed
O01357,2025-02-25,C0036,P0034,S010,8,582.17,698.6,0,Cash,Completed
O01358,2025-10-22,C0015,P0015,S002,1,746.48,0.0,0,UPI,Completed
O01359,2025-07-20,C0069,P0007,S005,4,1370.89,822.53,0,Net Banking,Completed
O01360,2025-03-29,C0094,P0045,S005,8,1902.16,760.86,0,Card,Completed
O01361,2025-02-18,C0037,P0046,S010,5,754.49,0.0,0,Card,Completed
O01362,2025-03-29,C0090,P0040,S008,5,1024.91,256.23,0,UPI,Completed
O01363,2025-01-07,C0022,P0012,S006,8,2046.14,818.46,0,Net Banking,Completed
O01364,2025-12-14,C0003,P0012,S005,2,2046.14,204.61,0,Cash,Completed
O01365,2025-08-30,,P0038,S001,8,1329.92,531.97,0,Cash,Completed
O01366,2025-03-17,C0003,P0037,S005,4,1625.66,325.13,0,Cash,Completed
O01367,2025-10-07,C0095,P0022,S008,8,229.27,183.42,0,UPI,Completed
O01368,2025-06-04,C0033,P0024,S008,1,288.47,28.85,0,UPI,Completed
O01369,2025-05-19,C0100,P0043,S010,8,1377.28,0.0,0,Cash,Completed
O01370,2025-01-16,C0053,P0015,S003,6,746.48,671.83,0,Card,Completed
O01371,2025-04-10,C0090,P0028,S006,4,2096.23,0.0,0,Net Banking,Completed
O01372,2025-05-16,C0036,P0041,S009,8,1612.03,644.81,0,UPI,Completed
O01373,2025-04-08,C0051,P0038,S007,5,1329.92,664.96,0,Cash,Completed
O01374,2025-08-21,C0090,P0022,S010,2,229.27,68.78,0,UPI,Completed
O01375,2025-09-25,C0002,P0032,S003,8,2118.05,847.22,0,UPI,Completed
O01376,2025-02-03,C0086,P0011,S005,8,1174.63,939.7,0,UPI,Completed
O01377,2025-01-28,C0006,P0014,S005,10,1255.9,0.0,0,Net Banking,Completed
O01378,2025-03-12,C0056,P0023,S001,1,888.86,88.89,0,UPI,Completed
O01379,2025-05-19,C0065,P0043,S009,3,1377.28,0.0,0,Card,Returned
O01380,2025-04-23,C0026,P0028,S010,2,2096.23,419.25,0,Cash,Completed
O01381,2025-02-20,C0046,P0016,S007,7,1450.9,1523.45,0,UPI,Cancelled
O01382,2025-12-14,C0077,P0020,S003,10,1439.39,2159.09,0,UPI,Completed
O01383,2025-08-02,C0018,P0044,S004,5,2159.63,539.91,0,Card,Completed
O01384,2025-07-12,C0011,P0020,S010,8,1439.39,575.76,0,Net Banking,Completed
O01385,2025-08-28,C0068,P0029,S006,9,773.79,696.41,0,UPI,Completed
O01386,2025-08-04,C0054,P0027,S008,1,1703.9,0.0,0,Cash,Completed
O01387,2025-03-07,C0079,P0020,S004,10,1439.39,1439.39,0,UPI,Completed
O01388,2025-09-23,C0051,P0009,S007,1,2290.86,343.63,0,Net Banking,Completed
O01389,2025-11-01,C0011,P0004,S005,2,918.38,183.68,0,Cash,Completed
O01390,2025-10-27,C0073,P0031,S006,1,1248.18,0.0,0,Cash,Completed
O01391,2025-04-25,C0067,P0010,S009,8,1826.7,730.68,0,Card,Completed
O01392,2025-02-28,C0040,P0047,S001,8,1161.35,464.54,0,Cash,Completed
O01393,2025-04-15,C0078,P0008,S009,2,1176.73,117.67,0,Cash,Completed
O01394,2025-06-03,C0065,P0029,S007,1,773.79,0.0,0,Net Banking,Completed
O01395,2025-12-03,C0024,P0016,S009,5,1450.9,1088.17,0,Cash,Completed
O01396,2025-03-29,C0082,P0002,S003,3,1919.77,287.97,0,Card,Completed
O01397,2025-07-08,C0038,P0019,S002,10,273.93,410.9,0,UPI,Completed
O01398,2025-03-17,C0090,P0007,S008,7,1370.89,1439.43,0,Cash,Completed
O01399,2025-01-18,C0016,P0037,S007,1,1625.66,162.57,0,Net Banking,Completed
O01400,2025-01-05,C0046,P0009,S008,8,2290.86,1832.69,0,Card,Completed
O01401,2025-09-20,C0065,P0014,S006,9,1255.9,1695.46,0,Cash,Completed
O01402,2025-03-13,C0020,P0023,S010,6,888.86,799.97,0,UPI,Completed
O01403,2025-07-12,C0085,P0020,S007,2,1439.39,431.82,0,Net Banking,Completed
O01404,2025-03-08,C0024,P0037,S009,9,1625.66,1463.09,0,UPI,Completed
O01405,2025-02-04,C0075,P0023,S010,10,888.86,1333.29,0,Cash,Completed
O01406,2025-09-13,C0094,P0011,S004,2,1174.63,0.0,0,Net Banking,Completed
O01407,2025-07-16,C0030,P0050,S004,2,955.7,95.57,0,Net Banking,Cancelled
O01408,2025-02-07,C0008,P0040,S005,2,1024.91,0.0,0,Net Banking,Completed
O01409,2025-02-25,C0078,P0041,S001,3,1612.03,483.61,0,Net Banking,Completed
O01410,2025-05-10,C0082,P0037,S009,4,1625.66,325.13,0,Net Banking,Completed
O01411,2025-09-28,C0037,P0015,S004,3,746.48,335.92,0,Card,Completed
O01412,2025-03-13,C0004,P0041,S002,4,1612.03,0.0,0,Cash,Completed
O01413,2025-04-05,C0053,P0037,S009,2,1625.66,325.13,0,Net Banking,Completed
O01414,2025-07-02,C0027,P0037,S008,9,1625.66,1463.09,0,Card,Completed
O01415,2025-03-07,C0057,P0028,S007,2,2096.23,0.0,0,UPI,Completed
O01416,2025-01-12,C0064,P0015,S001,10,746.48,746.48,0,Card,Completed
O01417,2025-03-22,C0038,P0017,S007,6,2005.24,0.0,0,UPI,Completed
O01418,2025-07-24,C0074,P0016,S009,10,1450.9,1450.9,0,Cash,Completed
O01419,2025-01-17,C0015,P0038,S008,5,1329.92,0.0,0,UPI,Completed
O01420,2025-10-08,C0026,P0022,S001,3,229.27,34.39,0,UPI,Cancelled
O01421,2025-10-16,C0085,P0004,S004,8,918.38,0.0,0,Cash,Completed
O01422,2025-10-10,C0010,P0027,S010,10,1703.9,0.0,0,Net Banking,Cancelled
O01423,2025-09-12,C0035,P0047,S001,2,1161.35,0.0,0,Card,Completed
O01424,2025-01-29,C0056,P0031,S005,4,1248.18,0.0,0,Cash,Completed
O01425,2025-10-10,C0026,P0035,S010,7,259.13,0.0,0,Net Banking,Completed
O01426,2025-10-09,C0099,P0025,S003,7,221.76,232.85,0,Card,Completed
O01427,2025-06-25,C0016,P0040,S006,6,1024.91,307.47,0,Net Banking,Cancelled
O01428,2025-04-27,C0031,P0015,S002,10,746.48,0.0,0,Net Banking,Completed
O01429,2025-01-30,C0069,P0037,S001,1,1625.66,81.28,0,Cash,Completed
O01430,2025-06-29,C0057,P0012,S005,1,2046.14,204.61,0,Card,Returned
O01431,2025-12-03,C0017,P0039,S007,8,603.51,0.0,0,Cash,Completed
O01432,2025-08-16,C0070,P0014,S008,6,1255.9,376.77,0,UPI,Cancelled
O01433,2025-06-13,C0100,P0036,S005,4,1065.1,426.04,0,Cash,Completed
O01434,2025-02-10,C0053,P0046,S010,8,754.49,603.59,0,Card,Cancelled
O01435,2025-03-04,C0067,P0015,S005,9,746.48,335.92,0,UPI,Completed
O01436,2025-02-28,C0019,P0003,S004,8,1858.13,2229.76,0,Cash,Completed
O01437,2025-06-03,C0005,P0018,S005,10,1251.95,1877.92,0,Cash,Completed
O01438,2025-07-16,C0079,P0025,S008,1,221.76,33.26,0,Net Banking,Completed
O01439,2025-12-05,C0027,P0025,S003,7,221.76,0.0,0,UPI,Completed
O01440,2025-05-15,C0098,P0023,S001,10,888.86,888.86,0,Card,Completed
O01441,2025-01-30,C0044,P0047,S010,7,1161.35,1219.42,0,Cash,Completed
O01442,2025-08-06,C0093,P0044,S005,9,2159.63,2915.5,0,UPI,Completed
O01443,2025-05-24,C0049,P0030,S004,3,267.11,0.0,0,UPI,Completed
O01444,2025-10-20,C0032,P0050,S009,5,955.7,477.85,0,Net Banking,Completed
O01445,2025-03-05,C0036,P0024,S005,5,288.47,0.0,0,UPI,Completed
O01446,2025-01-09,C0042,P0017,S003,8,2005.24,2406.29,0,Net Banking,Completed
O01447,2025-07-29,C0005,P0023,S008,9,888.86,399.99,0,Cash,Completed
O01448,2025-02-02,C0011,P0018,S010,9,1251.95,1126.76,0,Net Banking,Completed
O01449,2025-04-27,C0099,P0018,S005,8,1251.95,500.78,0,Card,Completed
O01450,2025-12-02,C0080,P0042,S001,4,1300.38,0.0,0,Cash,Completed
O01451,2025-10-11,C0065,P0029,S010,6,773.79,0.0,0,Card,Completed
O01452,2025-10-04,C0092,P0017,S005,1,2005.24,200.52,0,Cash,Completed
O01453,2025-02-27,C0045,P0007,S002,9,1370.89,1850.7,0,Cash,Completed
O01454,2025-11-25,C0042,P0037,S006,7,1625.66,0.0,0,Net Banking,Completed
O01455,2025-06-21,C0019,P0002,S006,10,1919.77,1919.77,0,Net Banking,Completed
O01456,2025-03-24,C0048,P0031,S005,10,1248.18,0.0,0,UPI,Completed
O01457,2025-06-10,C0020,P0038,S001,2,1329.92,132.99,0,UPI,Cancelled
O01458,2025-11-29,C0049,P0038,S001,3,1329.92,598.46,0,Cash,Returned
O01459,2025-10-03,C0029,P0037,S009,10,1625.66,2438.49,0,Cash,Completed
O01460,2025-06-12,C0068,P0004,S010,8,918.38,1102.06,0,UPI,Completed
O01461,2025-07-05,C0074,P0019,S004,6,273.93,82.18,0,Card,Completed
O01462,2025-07-05,C0096,P0008,S004,8,1176.73,1412.08,0,Cash,Completed
O01463,2025-08-18,C0065,P0005,S006,8,1505.51,602.2,0,Net Banking,Completed
O01464,2025-11-07,C0017,P0035,S004,7,259.13,90.7,0,UPI,Completed
O01465,2025-08-04,C0044,P0021,S002,2,1301.36,390.41,0,Card,Completed
O01466,2025-01-08,C0081,P0050,S004,3,955.7,430.07,0,Card,Completed
O01467,2025-03-06,C0034,P0049,S009,8,969.43,0.0,0,Cash,Completed
O01468,2025-09-21,C0004,P0045,S003,2,1902.16,190.22,0,Net Banking,Cancelled
O01469,2025-12-31,C0046,P0009,S007,9,2290.86,1030.89,0,UPI,Completed
O01470,2025-01-24,C0044,P0038,S010,10,1329.92,0.0,0,Cash,Completed
O01471,2025-05-29,C0046,P0029,S007,8,773.79,928.55,0,Net Banking,Completed
O01472,2025-03-19,C0094,P0012,S010,9,2046.14,0.0,0,Cash,Completed
O01473,2025-08-13,C0048,P0044,S008,7,2159.63,1511.74,0,Card,Completed
O01474,2025-09-10,C0076,P0018,S002,4,1251.95,500.78,0,UPI,Completed
O01475,2025-05-27,C0067,P0034,S010,9,582.17,785.93,0,UPI,Completed
O01476,2025-08-09,C0097,P0012,S003,1,2046.14,102.31,0,UPI,Completed
O01477,2025-03-26,C0079,P0021,S002,6,1301.36,780.82,0,Cash,Completed
O01478,2025-05-13,C0063,P0029,S004,3,773.79,232.14,0,Cash,Cancelled
O01479,2025-10-10,C0086,P0018,S003,2,1251.95,125.2,0,Card,Completed
O01480,2025-09-08,C0006,P0035,S009,4,259.13,0.0,0,Cash,Completed
O01481,2025-08-21,C0037,P0037,S007,8,1625.66,650.26,0,UPI,Cancelled
O01482,2025-09-10,C0092,P0046,S002,8,754.49,905.39,0,UPI,Completed
O01483,2025-04-24,C0018,P0018,S002,6,1251.95,0.0,0,Cash,Completed
O01484,2025-12-28,C0065,P0022,S005,8,229.27,0.0,0,UPI,Completed
O01485,2025-04-08,C0005,P0028,S002,9,2096.23,1886.61,0,Cash,Cancelled
O01486,2025-04-23,C0081,P0001,S004,3,1383.98,622.79,0,Card,Completed
O01487,2025-03-09,C0020,P0032,S003,8,2118.05,1694.44,0,Card,Completed
O01488,2025-02-04,C0012,P0034,S004,1,582.17,87.33,0,Net Banking,Completed
O01489,2025-12-19,C0027,P0046,S003,1,754.49,113.17,0,UPI,Completed
O01490,2025-09-29,C0081,P0038,S004,6,1329.92,1196.93,0,Card,Completed
O01491,2025-11-03,C0030,P0019,S008,8,273.93,328.72,0,UPI,Completed
O01492,2025-08-03,C0038,P0007,S004,2,1370.89,274.18,0,Net Banking,Completed
O01493,2025-06-13,C0085,P0028,S002,3,2096.23,943.3,0,Cash,Completed
O01494,2025-11-04,C0051,P0046,S003,8,754.49,905.39,0,Net Banking,Completed
O01495,2025-07-29,C0004,P0019,S005,9,273.93,123.27,0,Cash,Completed
O01496,2025-08-15,C0042,P0017,S006,7,2005.24,2105.5,0,Net Banking,Completed
O01497,2025-11-22,C0007,P0018,S008,4,1251.95,500.78,0,Cash,Completed
O01498,2025-11-17,C0053,P0015,S010,3,746.48,111.97,0,Cash,Cancelled
O01499,2025-01-11,C0079,P0040,S006,3,1024.91,0.0,0,Net Banking,Completed
O01500,2025-12-02,C0091,P0022,S006,9,229.27,0.0,0,Cash,Completed
O01501,2025-04-28,C0047,P0035,S004,3,259.13,116.61,0,UPI,Completed
O01502,2025-01-07,C0048,P0022,S007,4,229.27,45.85,0,Cash,Completed
O01503,2025-09-06,C0097,P0034,S002,9,582.17,785.93,0,Cash,Completed
O01504,2025-05-20,C0039,P0002,S004,4,1919.77,0.0,0,Cash,Completed
O01505,2025-02-13,C0049,P0042,S007,3,1300.38,390.11,0,Cash,Completed
O01506,2025-10-05,C0093,P0046,S007,1,754.49,0.0,0,Card,Completed
O01507,2025-06-15,C0076,P0026,S004,10,1712.19,1712.19,0,Net Banking,Completed
O01508,2025-02-21,C0003,P0020,S005,8,1439.39,575.76,0,UPI,Returned
O01509,2025-02-17,C0074,P0031,S007,5,1248.18,936.13,0,Card,Returned
O01510,2025-07-15,C0072,P0018,S008,5,1251.95,312.99,0,Cash,Returned
O01511,2025-08-20,C0094,P0026,S006,9,1712.19,0.0,0,Card,Completed
O01512,2025-09-02,C0004,P0026,S004,8,1712.19,1369.75,0,Cash,Completed
O01513,2025-04-17,C0043,P0010,S002,2,1826.7,182.67,0,Net Banking,Completed
O01514,2025-09-25,C0011,P0010,S007,10,1826.7,2740.05,0,Card,Completed
O01515,2025-03-19,C0064,P0017,S007,5,2005.24,1002.62,0,Cash,Completed
O01516,2025-12-20,C0073,P0039,S007,1,603.51,60.35,0,Card,Completed
O01517,2025-06-14,C0063,P0035,S008,6,259.13,77.74,0,Net Banking,Completed
O01518,2025-12-25,C0066,P0036,S002,2,1065.1,319.53,0,Cash,Completed
O01519,2025-03-27,C0097,P0001,S003,9,1383.98,0.0,0,Card,Completed
O01520,2025-11-17,C0015,P0003,S007,8,1858.13,743.25,0,Net Banking,Completed
O01521,2025-03-02,C0071,P0027,S007,1,1703.9,170.39,0,Net Banking,Returned
O01522,2025-11-11,C0093,P0044,S005,9,2159.63,1943.67,0,UPI,Completed
O01523,2025-11-11,C0022,P0010,S005,9,1826.7,822.01,0,UPI,Completed
O01524,2025-03-11,C0033,P0031,S008,4,1248.18,499.27,0,Card,Completed
O01525,2025-03-18,C0061,P0001,S006,7,1383.98,484.39,0,Net Banking,Completed
O01526,2025-10-03,C0001,P0020,S004,4,1439.39,0.0,0,Net Banking,Completed
O01527,2025-02-04,C0008,P0040,S008,10,1024.91,512.46,0,UPI,Completed
O01528,2025-05-26,C0029,P0023,S001,4,888.86,355.54,0,Net Banking,Completed
O01529,2025-10-15,C0040,P0024,S010,7,288.47,201.93,0,Card,Completed
O01530,2025-05-15,C0020,P0007,S004,5,1370.89,342.72,0,Cash,Completed
O01531,2025-11-12,C0067,P0038,S007,6,1329.92,797.95,0,Net Banking,Completed
O01532,2025-03-15,C0001,P0015,S004,2,746.48,74.65,0,Card,Completed
O01533,2025-09-19,C0001,P0021,S002,1,1301.36,65.07,0,Net Banking,Completed
O01534,2025-05-04,C0061,P0021,S005,9,1301.36,0.0,0,Net Banking,Completed
O01535,2025-09-25,C0050,P0046,S008,6,754.49,452.69,0,UPI,Completed
O01536,2025-08-12,C0078,P0014,S003,5,1255.9,313.98,0,Net Banking,Completed
O01537,2025-11-30,C0033,P0044,S002,9,2159.63,2915.5,0,UPI,Completed
O01538,2025-11-12,C0047,P0030,S006,7,267.11,93.49,0,Card,Completed
O01539,2025-07-04,C0023,P0048,S001,4,181.2,108.72,0,Card,Completed
O01540,2025-09-15,C0040,P0022,S002,6,229.27,137.56,0,Cash,Completed
O01541,2025-01-23,C0005,P0042,S005,8,1300.38,1560.46,0,UPI,Completed
O01542,2025-09-09,C0008,P0037,S001,8,1625.66,1950.79,0,Card,Completed
O01543,2025-07-09,C0083,P0049,S009,2,969.43,0.0,0,Cash,Completed
O01544,2025-08-03,C0092,P0010,S003,3,1826.7,0.0,0,Cash,Completed
O01545,2025-10-06,C0082,P0046,S001,6,754.49,0.0,0,UPI,Returned
O01546,2025-12-11,C0025,P0042,S010,1,1300.38,130.04,0,UPI,Completed
O01547,2025-12-07,C0022,P0038,S006,9,1329.92,0.0,0,Net Banking,Completed
O01548,2025-09-14,C0086,P0043,S001,2,1377.28,137.73,0,Card,Completed
O01549,2025-11-08,C0011,P0012,S008,1,2046.14,204.61,0,Card,Completed
O01550,2025-10-15,C0053,P0012,S001,5,2046.14,1023.07,0,UPI,Completed
O01551,2025-02-15,C0060,P0037,S002,10,1625.66,2438.49,0,Cash,Cancelled
O01552,2025-10-30,C0024,P0047,S002,3,1161.35,348.4,0,Cash,Completed
O01553,2025-05-07,C0002,P0014,S006,8,1255.9,0.0,0,UPI,Completed
O01554,2025-07-14,C0083,P0013,S003,5,748.7,0.0,0,UPI,Completed
O01555,2025-04-07,C0018,P0037,S006,7,1625.66,568.98,0,UPI,Completed
O01556,2025-02-17,C0023,P0019,S005,8,273.93,219.14,0,Net Banking,Completed
O01557,2025-01-19,C0047,P0023,S009,8,888.86,355.54,0,Net Banking,Completed
O01558,2025-04-17,C0073,P0014,S007,6,1255.9,753.54,0,UPI,Completed
O01559,2025-05-13,C0065,P0036,S005,2,1065.1,106.51,0,Card,Completed
O01560,2025-03-13,C0005,P0008,S009,3,1176.73,529.53,0,Net Banking,Completed
O01561,2025-06-15,C0048,P0037,S007,10,1625.66,0.0,0,Cash,Completed
O01562,2025-06-22,C0002,P0011,S007,8,1174.63,939.7,0,Cash,Completed
O01563,2025-01-12,C0046,P0020,S003,8,1439.39,575.76,0,Net Banking,Completed
O01564,2025-08-31,C0059,P0038,S010,7,1329.92,1396.42,0,Card,Completed
O01565,2025-06-03,C0048,P0039,S006,8,603.51,724.21,0,Cash,Returned
O01566,2025-08-07,C0030,P0049,S009,2,969.43,290.83,0,UPI,Returned
O01567,2025-06-03,C0052,P0038,S001,3,1329.92,199.49,0,Card,Returned
O01568,2025-01-28,C0073,P0049,S003,3,969.43,290.83,0,Cash,Completed
O01569,2025-03-26,C0099,P0010,S006,8,1826.7,2192.04,0,Net Banking,Completed
O01570,2025-02-11,C0019,P0013,S003,5,748.7,374.35,0,Card,Completed
O01571,2025-12-17,C0027,P0028,S002,4,2096.23,419.25,0,UPI,Completed
O01572,2025-12-24,C0021,P0023,S002,8,888.86,1066.63,0,Card,Cancelled
O01573,2025-07-18,C0086,P0025,S008,4,221.76,0.0,0,Card,Completed
O01574,2025-11-02,C0018,P0026,S006,5,1712.19,1284.14,0,Net Banking,Completed
O01575,2025-11-08,C0045,P0032,S010,1,2118.05,105.9,0,Card,Completed
O01576,2025-11-09,C0048,P0024,S006,9,288.47,0.0,0,Net Banking,Cancelled
O01577,2025-01-23,C0083,P0015,S003,8,746.48,298.59,0,Card,Completed
O01578,2025-03-19,C0012,P0022,S007,3,229.27,103.17,0,UPI,Completed
O01579,2025-04-02,C0087,P0031,S001,5,1248.18,936.13,0,Card,Completed
O01580,2025-12-18,C0067,P0007,S008,2,1370.89,274.18,0,Cash,Completed
O01581,2025-10-22,C0052,P0001,S003,6,1383.98,415.19,0,Net Banking,Completed
O01582,2025-06-05,C0002,P0032,S007,7,2118.05,0.0,0,Net Banking,Completed
O01583,2025-08-31,C0082,P0008,S010,8,1176.73,941.38,0,UPI,Completed
O01584,2025-12-12,C0047,P0008,S003,7,1176.73,1235.57,0,Cash,Completed
O01585,2025-09-21,C0044,P0046,S010,5,754.49,188.62,0,Net Banking,Completed
O01586,2025-08-24,C0060,P0019,S001,2,273.93,82.18,0,UPI,Completed
O01587,2025-06-22,C0077,P0044,S006,5,2159.63,1619.72,0,UPI,Completed
O01588,2025-07-02,C0004,P0035,S005,3,259.13,77.74,0,Net Banking,Completed
O01589,2025-07-02,C0042,P0020,S001,10,1439.39,0.0,0,Cash,Completed
O01590,2025-03-06,C0051,P0016,S003,2,1450.9,0.0,0,Card,Completed
O01591,2025-09-26,C0056,P0018,S006,8,1251.95,500.78,0,Net Banking,Completed
O01592,2025-07-15,C0042,P0024,S001,3,288.47,0.0,0,Cash,Completed
O01593,2025-01-12,C0082,P0048,S005,7,181.2,190.26,0,Card,Returned
O01594,2025-04-09,C0033,P0047,S002,7,1161.35,0.0,0,UPI,Returned
O01595,2025-07-11,C0079,P0033,S009,4,1226.2,0.0,0,Net Banking,Completed
O01596,2025-11-06,C0056,P0018,S003,5,1251.95,0.0,0,Net Banking,Cancelled
O01597,2025-04-17,,P0019,S005,1,273.93,41.09,0,Cash,Completed
O01598,2025-11-03,C0085,P0009,S005,5,2290.86,1718.15,0,UPI,Completed
O01599,2025-11-10,C0029,P0002,S006,4,1919.77,0.0,0,UPI,Completed
O01600,2025-10-05,C0078,P0030,S010,7,267.11,186.98,0,Net Banking,Completed
O01601,2025-06-27,C0072,P0001,S006,6,1383.98,830.39,0,Net Banking,Completed
O01602,2025-12-11,C0096,P0032,S004,9,2118.05,953.12,0,Net Banking,Completed
O01603,2025-10-15,C0005,P0043,S010,2,1377.28,413.18,0,UPI,Completed
O01604,2025-06-11,C0096,P0034,S006,5,582.17,291.08,0,Net Banking,Completed
O01605,2025-11-16,C0004,P0010,S010,10,1826.7,913.35,0,UPI,Completed
O01606,2025-05-01,C0054,P0049,S001,5,969.43,727.07,0,Net Banking,Cancelled
O01607,2025-07-22,C0017,P0025,S010,2,221.76,0.0,0,Card,Completed
O01608,2025-07-25,C0015,P0037,S005,3,1625.66,243.85,0,Net Banking,Completed
O01609,2025-07-05,C0028,P0027,S010,5,1703.9,851.95,0,Cash,Completed
O01610,2025-04-26,C0088,P0041,S006,9,1612.03,2176.24,0,Net Banking,Completed
O01611,2025-07-24,C0060,P0019,S008,3,273.93,41.09,0,UPI,Completed
O01612,2025-07-16,C0043,P0049,S008,3,969.43,0.0,0,Net Banking,Returned
O01613,2025-03-12,C0053,P0013,S001,10,748.7,374.35,0,Cash,Completed
O01614,2025-03-27,C0094,P0027,S001,6,1703.9,511.17,0,Net Banking,Completed
O01615,2025-03-24,C0048,P0002,S010,7,1919.77,671.92,0,Net Banking,Completed
O01616,2025-03-09,C0031,P0012,S008,4,2046.14,818.46,0,UPI,Completed
O01617,2025-05-06,C0004,P0014,S010,8,1255.9,1507.08,0,Net Banking,Returned
O01618,2025-03-23,C0023,P0030,S009,2,267.11,53.42,0,Card,Completed
O01619,2025-07-17,C0009,P0001,S001,7,1383.98,1453.18,0,Cash,Completed
O01620,2025-08-13,C0034,P0046,S009,2,754.49,0.0,0,Net Banking,Completed
O01621,2025-07-24,C0008,P0019,S007,1,273.93,27.39,0,Net Banking,Completed
O01622,2025-03-28,C0016,P0007,S003,5,1370.89,0.0,0,UPI,Completed
O01623,2025-05-16,C0044,P0010,S004,8,1826.7,730.68,0,Cash,Completed
O01624,2025-05-14,C0089,P0005,S008,8,1505.51,602.2,0,UPI,Completed
O01625,2025-11-01,C0057,P0022,S008,5,229.27,114.64,0,Cash,Completed
O01626,2025-07-09,C0019,P0034,S005,1,582.17,29.11,0,UPI,Completed
O01627,2025-09-01,C0040,P0046,S003,10,754.49,754.49,0,Net Banking,Completed
O01628,2025-07-16,C0020,P0048,S003,3,181.2,54.36,0,UPI,Completed
O01629,2025-10-27,C0004,P0014,S010,5,1255.9,313.98,0,Cash,Completed
O01630,2025-11-13,C0093,P0033,S009,7,1226.2,1287.51,0,Card,Returned
O01631,2025-09-25,C0083,P0010,S010,9,1826.7,1644.03,0,UPI,Completed
O01632,2025-03-31,C0063,P0042,S003,9,1300.38,1755.51,0,Net Banking,Completed
O01633,2025-06-08,C0002,P0043,S002,6,1377.28,413.18,0,Card,Completed
O01634,2025-09-13,C0036,P0039,S002,4,603.51,241.4,0,Net Banking,Completed
O01635,2025-07-06,C0082,P0001,S009,4,1383.98,276.8,0,Cash,Completed
O01636,2025-10-11,C0013,P0022,S009,2,229.27,45.85,0,Cash,Returned
O01637,2025-05-06,C0008,P0029,S010,9,773.79,348.21,0,UPI,Completed
O01638,2025-04-01,C0024,P0045,S004,4,1902.16,1141.3,0,Cash,Returned
O01639,2025-02-02,C0035,P0036,S005,2,1065.1,106.51,0,Card,Completed
O01640,2025-08-26,C0008,P0014,S004,4,1255.9,753.54,0,Cash,Completed
O01641,2025-03-01,C0007,P0021,S002,4,1301.36,780.82,0,Net Banking,Completed
O01642,2025-11-03,C0026,P0007,S009,10,1370.89,685.45,0,Net Banking,Completed
O01643,2025-11-26,C0002,P0038,S007,2,1329.92,398.98,0,Card,Completed
O01644,2025-07-28,C0082,P0040,S008,1,1024.91,102.49,0,UPI,Completed
O01645,2025-11-27,C0023,P0022,S009,8,229.27,183.42,0,UPI,Completed
O01646,2025-11-17,C0069,P0016,S006,5,1450.9,725.45,0,Net Banking,Completed
O01647,2025-09-18,C0097,P0012,S008,1,2046.14,204.61,0,Net Banking,Completed
O01648,2025-08-15,C0023,P0005,S007,5,1505.51,0.0,0,UPI,Completed
O01649,2025-04-20,C0069,P0012,S004,2,2046.14,204.61,0,UPI,Completed
O01650,2025-12-17,C0041,P0050,S009,8,955.7,0.0,0,UPI,Cancelled
O01651,2025-04-09,C0027,P0037,S003,6,1625.66,487.7,0,Net Banking,Completed
O01652,2025-12-01,C0021,P0040,S003,6,1024.91,922.42,0,Net Banking,Completed
O01653,2025-07-09,C0035,P0015,S005,8,746.48,597.18,0,Card,Completed
O01654,2025-08-06,C0094,P0023,S006,8,888.86,711.09,0,Net Banking,Completed
O01655,2025-07-01,C0001,P0049,S007,1,969.43,145.41,0,Card,Returned
O01656,2025-12-05,C0099,P0018,S001,4,1251.95,250.39,0,UPI,Completed
O01657,2025-06-16,C0048,P0002,S006,7,1919.77,2015.76,0,Card,Completed
O01658,2025-02-08,C0080,P0033,S008,5,1226.2,0.0,0,Card,Completed
O01659,2025-12-04,C0093,P0031,S010,8,1248.18,0.0,0,Net Banking,Completed
O01660,2025-01-31,C0091,P0032,S004,5,2118.05,1588.54,0,Cash,Completed
O01661,2025-05-26,C0044,P0018,S009,6,1251.95,1126.76,0,Cash,Completed
O01662,2025-03-19,C0096,P0005,S006,7,1505.51,526.93,0,UPI,Completed
O01663,2025-10-21,C0072,P0006,S008,4,1428.87,571.55,0,UPI,Completed
O01664,2025-12-25,C0038,P0045,S001,3,1902.16,0.0,0,UPI,Returned
O01665,2025-06-14,C0047,P0050,S008,4,955.7,191.14,0,Net Banking,Completed
O01666,2025-11-06,C0047,P0022,S004,5,229.27,114.64,0,Cash,Completed
O01667,2025-01-25,C0083,P0027,S007,7,1703.9,1789.1,0,Cash,Cancelled
O01668,2025-01-17,C0066,P0024,S001,10,288.47,432.71,0,UPI,Completed
O01669,2025-02-08,C0063,P0019,S010,6,273.93,0.0,0,Cash,Returned
O01670,2025-10-21,C0100,P0008,S009,3,1176.73,0.0,0,Net Banking,Completed
O01671,2025-08-27,C0025,P0049,S002,7,969.43,678.6,0,Net Banking,Completed
O01672,2025-11-28,C0095,P0010,S006,2,1826.7,182.67,0,UPI,Completed
O01673,2025-10-22,C0100,P0045,S007,1,1902.16,285.32,0,UPI,Completed
O01674,2025-08-07,C0050,P0002,S001,4,1919.77,767.91,0,Card,Completed
O01675,2025-12-01,C0029,P0038,S006,9,1329.92,1795.39,0,Card,Completed
O01676,2025-03-17,C0074,P0023,S010,3,888.86,133.33,0,Card,Completed
O01677,2025-03-07,C0013,P0002,S009,10,1919.77,0.0,0,UPI,Returned
O01678,2025-06-05,C0042,P0021,S004,4,1301.36,260.27,0,Card,Completed
O01679,2025-03-12,C0035,P0015,S004,6,746.48,0.0,0,Net Banking,Completed
O01680,2025-01-26,C0049,P0002,S008,4,1919.77,1151.86,0,Net Banking,Completed
O01681,2025-02-17,C0026,P0014,S007,10,1255.9,0.0,0,Card,Completed
O01682,2025-04-18,C0075,P0047,S009,2,1161.35,116.13,0,Cash,Cancelled
O01683,2025-04-08,C0095,P0039,S006,6,603.51,543.16,0,Card,Returned
O01684,2025-08-22,C0065,P0024,S008,5,288.47,0.0,0,Cash,Completed
O01685,2025-06-08,C0054,P0026,S002,6,1712.19,1027.31,0,Cash,Completed
O01686,2025-08-30,C0084,P0020,S004,2,1439.39,431.82,0,Cash,Returned
O01687,2025-05-08,C0036,P0047,S006,1,1161.35,58.07,0,Card,Completed
O01688,2025-01-20,C0017,P0034,S003,3,582.17,261.98,0,Cash,Completed
O01689,2025-03-22,C0027,P0048,S005,6,181.2,163.08,0,Net Banking,Completed
O01690,2025-03-25,C0067,P0010,S003,6,1826.7,0.0,0,Cash,Completed
O01691,2025-01-15,C0040,P0026,S006,5,1712.19,856.1,0,Cash,Completed
O01692,2025-10-04,C0061,P0003,S003,7,1858.13,0.0,0,Net Banking,Completed
O01693,2025-01-08,C0093,P0034,S003,3,582.17,0.0,0,UPI,Completed
O01694,2025-08-26,C0012,P0027,S002,2,1703.9,511.17,0,Net Banking,Completed
O01695,2025-06-09,C0069,P0029,S003,10,773.79,0.0,0,Net Banking,Completed
O01696,2025-11-11,C0033,P0009,S006,9,2290.86,2061.77,0,Cash,Completed
O01697,2025-09-21,C0096,P0037,S004,3,1625.66,243.85,0,Card,Completed
O01698,2025-05-25,C0019,P0015,S002,2,746.48,223.94,0,Cash,Completed
O01699,2025-12-09,C0033,P0012,S005,6,2046.14,1841.53,0,UPI,Completed
O01700,2025-10-24,C0017,P0021,S007,6,1301.36,390.41,0,Cash,Completed
O01701,2025-01-08,C0050,P0041,S001,4,1612.03,322.41,0,Card,Completed
O01702,2025-10-20,C0031,P0011,S007,6,1174.63,0.0,0,Net Banking,Completed
O01703,2025-04-20,C0045,P0013,S010,7,748.7,786.14,0,Net Banking,Completed
O01704,2025-06-22,C0070,P0029,S002,5,773.79,386.89,0,Card,Completed
O01705,2025-12-09,C0063,P0050,S009,8,955.7,0.0,0,UPI,Completed
O01706,2025-10-06,C0034,P0005,S006,7,1505.51,0.0,0,Card,Completed
O01707,2025-03-06,C0059,P0008,S002,9,1176.73,1059.06,0,UPI,Completed
O01708,2025-07-23,C0056,P0036,S002,9,1065.1,479.3,0,Card,Completed
O01709,2025-09-27,C0088,P0015,S001,4,746.48,298.59,0,Card,Completed
O01710,2025-10-04,C0068,P0034,S001,9,582.17,523.95,0,Card,Completed
O01711,2025-12-15,C0068,P0011,S006,3,1174.63,0.0,0,Card,Completed
O01712,2025-04-14,C0080,P0015,S003,9,746.48,1007.75,0,UPI,Completed
O01713,2025-09-01,C0052,P0019,S007,9,273.93,369.81,0,Net Banking,Completed
O01714,2025-12-29,C0093,P0020,S001,2,1439.39,287.88,0,UPI,Completed
O01715,2025-07-30,C0094,P0040,S010,2,1024.91,0.0,0,Card,Completed
O01716,2025-11-27,C0021,P0049,S004,7,969.43,339.3,0,Net Banking,Completed
O01717,2025-05-22,C0025,P0016,S006,2,1450.9,145.09,0,Card,Completed
O01718,2025-08-16,C0016,P0047,S010,3,1161.35,174.2,0,Card,Completed
O01719,2025-09-26,C0098,P0021,S001,2,1301.36,260.27,0,Cash,Completed
O01720,2025-03-05,C0077,P0031,S004,8,1248.18,998.54,0,Net Banking,Completed
O01721,2025-07-15,C0097,P0047,S006,5,1161.35,0.0,0,UPI,Completed
O01722,2025-05-30,C0060,P0028,S010,3,2096.23,943.3,0,Card,Completed
O01723,2025-05-04,C0012,P0047,S010,10,1161.35,1161.35,0,Net Banking,Completed
O01724,2025-05-22,C0056,P0027,S001,2,1703.9,340.78,0,UPI,Completed
O01725,2025-01-07,C0043,P0027,S005,6,1703.9,0.0,0,Cash,Completed
O01726,2025-10-30,C0063,P0016,S010,8,1450.9,580.36,0,Net Banking,Completed
O01727,2025-11-07,C0014,P0050,S008,9,955.7,1290.2,0,Net Banking,Completed
O01728,2025-03-02,C0014,P0038,S002,10,1329.92,0.0,0,Card,Completed
O01729,2025-01-21,C0087,P0046,S010,7,754.49,792.21,0,UPI,Completed
O01730,2025-07-24,C0057,P0030,S010,9,267.11,0.0,0,Net Banking,Completed
O01731,2025-11-19,C0004,P0014,S010,3,1255.9,0.0,0,UPI,Completed
O01732,2025-12-16,C0053,P0002,S008,5,1919.77,959.89,0,UPI,Completed
O01733,2025-08-23,C0032,P0018,S008,1,1251.95,125.2,0,UPI,Completed
O01734,2025-07-25,C0021,P0014,S009,9,1255.9,1130.31,0,UPI,Completed
O01735,2025-11-12,C0023,P0032,S002,6,2118.05,1270.83,0,Card,Completed
O01736,2025-11-15,C0040,P0007,S002,7,1370.89,959.62,0,Net Banking,Completed
O01737,2025-06-29,C0097,P0025,S004,5,221.76,166.32,0,UPI,Completed
O01738,2025-01-09,C0047,P0049,S003,3,969.43,290.83,0,Cash,Completed
O01739,2025-07-23,C0040,P0033,S009,5,1226.2,306.55,0,Cash,Completed
O01740,2025-03-16,C0012,P0046,S010,7,754.49,528.14,0,UPI,Completed
O01741,2025-11-11,C0051,P0009,S007,2,2290.86,458.17,0,Cash,Completed
O01742,2025-12-08,C0029,P0029,S001,4,773.79,154.76,0,UPI,Completed
O01743,2025-08-14,C0029,P0045,S004,4,1902.16,380.43,0,Card,Completed
O01744,2025-08-13,C0038,P0016,S001,10,1450.9,2176.35,0,Net Banking,Completed
O01745,2025-11-18,C0073,P0013,S007,3,748.7,336.92,0,Net Banking,Completed
O01746,2025-07-06,C0091,P0024,S005,7,288.47,201.93,0,Card,Completed
O01747,2025-10-03,C0046,P0005,S003,6,1505.51,451.65,0,Card,Completed
O01748,2025-02-23,C0065,P0046,S008,9,754.49,679.04,0,Card,Completed
O01749,2025-05-18,C0092,P0045,S009,4,1902.16,1141.3,0,Cash,Completed
O01750,2025-03-29,C0057,P0032,S010,7,2118.05,0.0,0,Cash,Completed
O01751,2025-12-28,C0072,P0042,S001,6,1300.38,1170.34,0,Card,Completed
O01752,2025-01-15,C0046,P0005,S005,10,1505.51,1505.51,0,Net Banking,Completed
O01753,2025-06-08,C0098,P0009,S007,4,2290.86,1374.52,0,UPI,Completed
O01754,2025-01-04,C0073,P0033,S007,3,1226.2,367.86,0,Cash,Completed
O01755,2025-09-29,C0046,P0038,S002,2,1329.92,0.0,0,Net Banking,Completed
O01756,2025-04-03,C0094,P0013,S004,10,748.7,374.35,0,Cash,Completed
O01757,2025-02-18,C0064,P0047,S002,6,1161.35,0.0,0,Net Banking,Completed
O01758,2025-03-12,C0088,P0025,S007,7,221.76,232.85,0,UPI,Completed
O01759,2025-09-13,C0040,P0023,S003,7,888.86,622.2,0,Cash,Completed
O01760,2025-06-23,C0052,P0013,S004,6,748.7,0.0,0,Net Banking,Completed
O01761,2025-10-13,C0068,P0017,S001,10,2005.24,0.0,0,Cash,Completed
O01762,2025-01-03,C0013,P0011,S001,9,1174.63,0.0,0,UPI,Completed
O01763,2025-03-30,C0004,P0037,S010,6,1625.66,0.0,0,Card,Completed
O01764,2025-02-19,C0064,P0012,S009,4,2046.14,818.46,0,Card,Completed
O01765,2025-08-16,C0074,P0012,S008,3,2046.14,306.92,0,Cash,Completed
O01766,2025-06-28,C0069,P0008,S005,5,1176.73,0.0,0,Card,Completed
O01767,2025-11-10,C0022,P0007,S008,4,1370.89,274.18,0,UPI,Cancelled
O01768,2025-12-09,C0085,P0036,S007,8,1065.1,0.0,0,Cash,Completed
O01769,2025-07-26,C0047,P0010,S004,8,1826.7,730.68,0,Cash,Completed
O01770,2025-12-06,C0062,P0043,S010,2,1377.28,0.0,0,UPI,Cancelled
O01771,2025-10-07,C0073,P0037,S009,9,1625.66,2194.64,0,Card,Completed
O01772,2025-07-26,C0018,P0029,S004,5,773.79,580.34,0,Net Banking,Completed
O01773,2025-10-15,C0063,P0002,S008,2,1919.77,383.95,0,Net Banking,Completed
O01774,2025-04-07,C0040,P0032,S005,1,2118.05,0.0,0,Cash,Completed
O01775,2025-11-25,C0076,P0048,S010,9,181.2,81.54,0,UPI,Completed
O01776,2025-04-07,C0069,P0002,S001,5,1919.77,1439.83,0,UPI,Returned
O01777,2025-09-18,C0007,P0044,S007,9,2159.63,971.83,0,UPI,Completed
O01778,2025-04-24,C0006,P0014,S002,8,1255.9,502.36,0,UPI,Completed
O01779,2025-01-24,C0027,P0032,S004,10,2118.05,0.0,0,Net Banking,Completed
O01780,2025-12-04,C0089,P0008,S005,1,1176.73,58.84,0,UPI,Returned
O01781,2025-03-21,C0050,P0015,S006,7,746.48,0.0,0,Card,Completed
O01782,2025-04-15,C0080,P0043,S005,7,1377.28,964.1,0,UPI,Completed
O01783,2025-04-08,C0002,P0027,S007,7,1703.9,1192.73,0,Net Banking,Completed
O01784,2025-03-07,C0002,P0041,S007,1,1612.03,241.8,0,Card,Completed
O01785,2025-04-04,C0015,P0008,S003,8,1176.73,0.0,0,UPI,Completed
O01786,2025-05-26,C0095,P0017,S007,5,2005.24,1002.62,0,UPI,Completed
O01787,2025-04-13,C0016,P0026,S004,2,1712.19,513.66,0,Card,Completed
O01788,2025-04-28,C0005,P0031,S008,2,1248.18,0.0,0,Cash,Completed
O01789,2025-11-12,C0024,P0006,S002,4,1428.87,857.32,0,UPI,Completed
O01790,2025-04-18,C0019,P0029,S010,1,773.79,38.69,0,UPI,Completed
O01791,2025-06-29,C0002,P0010,S006,5,1826.7,456.68,0,Net Banking,Completed
O01792,2025-05-30,C0083,P0004,S007,7,918.38,321.43,0,Cash,Completed
O01793,2025-08-14,C0081,P0013,S006,8,748.7,0.0,0,Cash,Completed
O01794,2025-03-15,C0078,P0034,S005,9,582.17,261.98,0,UPI,Completed
O01795,2025-11-13,C0088,P0005,S007,9,1505.51,0.0,0,Card,Completed
O01796,2025-12-17,C0042,P0024,S001,3,288.47,0.0,0,Card,Completed
O01797,2025-04-25,C0001,P0037,S001,7,1625.66,0.0,0,Cash,Completed
O01798,2025-05-25,C0010,P0002,S008,10,1919.77,2879.66,0,Net Banking,Completed
O01799,2025-06-26,C0096,P0016,S008,10,1450.9,1450.9,0,Net Banking,Completed
O01800,2025-03-15,C0020,P0030,S009,6,267.11,80.13,0,UPI,Completed
O01801,2025-01-11,C0023,P0025,S005,3,221.76,66.53,0,Net Banking,Completed
O01802,2025-07-25,C0019,P0003,S008,7,1858.13,650.35,0,Card,Completed
O01803,2025-08-24,C0046,P0014,S007,7,1255.9,1318.7,0,Net Banking,Completed
O01804,2025-12-07,C0050,P0030,S006,6,267.11,160.27,0,Net Banking,Completed
O01805,2025-10-19,C0068,P0014,S004,4,1255.9,251.18,0,Card,Cancelled
O01806,2025-10-08,C0094,P0043,S010,6,1377.28,1239.55,0,Net Banking,Completed
O01807,2025-02-25,C0040,P0014,S007,3,1255.9,565.15,0,Net Banking,Completed
O01808,2025-04-22,C0100,P0040,S007,1,1024.91,51.25,0,UPI,Completed
O01809,2025-04-03,C0021,P0043,S007,9,1377.28,1859.33,0,Net Banking,Completed
O01810,2025-12-15,C0027,P0025,S010,3,221.76,66.53,0,Card,Completed
O01811,2025-08-28,C0074,P0013,S003,7,748.7,524.09,0,Card,Completed
O01812,2025-12-13,C0017,P0049,S008,6,969.43,0.0,0,Cash,Completed
O01813,2025-02-16,C0011,P0002,S001,1,1919.77,191.98,0,UPI,Cancelled
O01814,2025-02-03,C0046,P0013,S003,4,748.7,299.48,0,UPI,Completed
O01815,2025-12-27,C0041,P0038,S008,8,1329.92,1063.94,0,Card,Completed
O01816,2025-08-01,C0013,P0036,S003,3,1065.1,159.76,0,Cash,Completed
O01817,2025-12-25,C0080,P0027,S003,9,1703.9,2300.26,0,UPI,Completed
O01818,2025-01-21,C0032,P0008,S003,8,1176.73,0.0,0,Card,Completed
O01819,2025-10-28,C0061,P0025,S008,3,221.76,0.0,0,UPI,Cancelled
O01820,2025-09-09,C0075,P0037,S003,8,1625.66,0.0,0,UPI,Completed
O01821,2025-11-16,C0011,P0024,S002,3,288.47,43.27,0,UPI,Completed
O01822,2025-12-31,C0020,P0008,S004,6,1176.73,706.04,0,Cash,Completed
O01823,2025-03-28,C0064,P0002,S010,10,1919.77,2879.66,0,UPI,Completed
O01824,2025-09-08,C0025,P0033,S005,9,1226.2,0.0,0,UPI,Cancelled
O01825,2025-08-18,C0007,P0042,S004,5,1300.38,650.19,0,Net Banking,Completed
O01826,2025-10-10,C0035,P0048,S008,2,181.2,36.24,0,Cash,Completed
O01827,2025-07-14,C0080,P0001,S010,1,1383.98,138.4,0,Card,Cancelled
O01828,2025-06-21,C0049,P0025,S001,5,221.76,166.32,0,UPI,Completed
O01829,2025-05-14,C0055,P0027,S006,3,1703.9,511.17,0,Card,Completed
O01830,2025-09-18,C0035,P0006,S008,2,1428.87,285.77,0,Cash,Completed
O01831,2025-04-01,C0017,P0049,S002,4,969.43,0.0,0,UPI,Completed
O01832,2025-01-07,C0074,P0016,S002,2,1450.9,0.0,0,UPI,Completed
O01833,2025-11-20,C0080,P0005,S003,10,1505.51,2258.26,0,UPI,Completed
O01834,2025-04-13,C0014,P0040,S002,1,1024.91,51.25,0,Cash,Completed
O01835,2025-04-18,C0092,P0006,S001,7,1428.87,500.1,0,Cash,Completed
O01836,2025-04-12,C0050,P0021,S009,4,1301.36,780.82,0,Net Banking,Completed
O01837,2025-08-15,C0024,P0031,S005,10,1248.18,0.0,0,Card,Completed
O01838,2025-10-05,C0011,P0012,S004,5,2046.14,511.54,0,Card,Completed
O01839,2025-06-14,C0090,P0049,S002,4,969.43,193.89,0,Card,Completed
O01840,2025-09-17,C0082,P0038,S005,10,1329.92,1994.88,0,UPI,Completed
O01841,2025-12-02,C0033,P0023,S004,9,888.86,0.0,0,UPI,Completed
O01842,2025-06-26,C0021,P0005,S001,2,1505.51,451.65,0,Cash,Completed
O01843,2025-06-13,C0056,P0006,S008,1,1428.87,0.0,0,UPI,Completed
O01844,2025-06-13,C0078,P0044,S002,10,2159.63,2159.63,0,Net Banking,Completed
O01845,2025-06-10,C0062,P0024,S008,5,288.47,216.35,0,Card,Completed
O01846,2025-08-25,C0022,P0003,S006,7,1858.13,1951.04,0,UPI,Cancelled
O01847,2025-03-14,C0052,P0030,S008,8,267.11,106.84,0,Net Banking,Completed
O01848,2025-07-24,C0004,P0009,S006,7,2290.86,801.8,0,UPI,Completed
O01849,2025-04-22,C0085,P0012,S003,10,2046.14,1023.07,0,Cash,Completed
O01850,2025-01-12,C0061,P0010,S005,6,1826.7,548.01,0,Net Banking,Completed
O01851,2025-09-07,C0039,P0036,S005,4,1065.1,213.02,0,Net Banking,Completed
O01852,2025-02-04,C0021,P0032,S001,6,2118.05,0.0,0,UPI,Completed
O01853,2025-04-21,C0078,P0019,S003,4,273.93,164.36,0,Net Banking,Completed
O01854,2025-12-17,C0040,P0041,S003,6,1612.03,967.22,0,Net Banking,Completed
O01855,2025-07-11,C0077,P0009,S009,5,2290.86,1145.43,0,Card,Completed
O01856,2025-08-02,C0061,P0005,S001,8,1505.51,1204.41,0,Card,Completed
O01857,2025-05-24,C0042,P0045,S004,6,1902.16,1711.94,0,UPI,Completed
O01858,2025-11-20,C0043,P0045,S004,3,1902.16,570.65,0,Card,Completed
O01859,2025-01-10,C0079,P0016,S004,8,1450.9,1741.08,0,UPI,Completed
O01860,2025-02-11,C0013,P0025,S003,10,221.76,221.76,0,Net Banking,Completed
O01861,2025-04-09,C0094,P0018,S002,8,1251.95,1502.34,0,UPI,Completed
O01862,2025-04-25,C0047,P0050,S001,8,955.7,382.28,0,Cash,Completed
O01863,2025-06-13,C0080,P0031,S009,3,1248.18,374.45,0,Net Banking,Returned
O01864,2025-06-01,C0078,P0035,S004,4,259.13,0.0,0,Cash,Completed
O01865,2025-07-12,C0025,P0034,S009,5,582.17,145.54,0,Net Banking,Completed
O01866,2025-06-01,C0002,P0020,S005,4,1439.39,287.88,0,Cash,Completed
O01867,2025-08-27,C0083,P0049,S007,2,969.43,193.89,0,Card,Completed
O01868,2025-06-10,C0049,P0036,S003,10,1065.1,1597.65,0,Cash,Cancelled
O01869,2025-05-26,C0059,P0018,S004,10,1251.95,1877.92,0,Card,Completed
O01870,2025-10-10,C0042,P0002,S002,1,1919.77,191.98,0,Net Banking,Completed
O01871,2025-11-18,C0041,P0047,S007,9,1161.35,0.0,0,Net Banking,Completed
O01872,2025-11-26,C0051,P0012,S006,10,2046.14,0.0,0,UPI,Completed
O01873,2025-03-09,C0097,P0037,S001,9,1625.66,0.0,0,Net Banking,Completed
O01874,2025-05-01,C0009,P0009,S003,2,2290.86,229.09,0,Cash,Completed
O01875,2025-02-05,C0046,P0022,S002,7,229.27,160.49,0,Net Banking,Completed
O01876,2025-10-08,C0008,P0034,S007,7,582.17,203.76,0,Cash,Completed
O01877,2025-05-03,C0058,P0011,S002,5,1174.63,293.66,0,Cash,Completed
O01878,2025-01-22,C0072,P0002,S001,4,1919.77,1151.86,0,Cash,Completed
O01879,2025-06-15,C0030,P0010,S003,9,1826.7,1644.03,0,Net Banking,Completed
O01880,2025-09-10,C0086,P0026,S001,9,1712.19,1540.97,0,Cash,Completed
O01881,2025-04-13,C0090,P0027,S009,2,1703.9,0.0,0,Cash,Completed
O01882,2025-10-25,C0075,P0032,S001,6,2118.05,0.0,0,UPI,Completed
O01883,2025-11-18,C0022,P0026,S004,3,1712.19,0.0,0,UPI,Completed
O01884,2025-11-08,C0048,P0033,S007,3,1226.2,183.93,0,UPI,Completed
O01885,2025-08-20,C0042,P0017,S007,2,2005.24,401.05,0,Cash,Completed
O01886,2025-04-05,C0084,P0043,S009,7,1377.28,482.05,0,Cash,Completed
O01887,2025-12-20,C0014,P0048,S004,4,181.2,72.48,0,Card,Completed
O01888,2025-10-18,C0039,P0024,S008,1,288.47,14.42,0,UPI,Completed
O01889,2025-06-20,C0004,P0020,S001,4,1439.39,287.88,0,Card,Completed
O01890,2025-11-05,C0093,P0025,S006,8,221.76,266.11,0,Card,Cancelled
O01891,2025-02-09,C0062,P0036,S010,5,1065.1,266.28,0,Cash,Completed
O01892,2025-01-01,C0004,P0040,S001,1,1024.91,102.49,0,UPI,Completed
O01893,2025-07-08,C0094,P0037,S003,2,1625.66,0.0,0,Card,Completed
O01894,2025-08-02,C0055,P0048,S006,2,181.2,36.24,0,Cash,Completed
O01895,2025-08-22,C0005,P0008,S005,3,1176.73,353.02,0,Card,Completed
O01896,2025-01-08,C0082,P0048,S001,8,181.2,72.48,0,Cash,Completed
O01897,2025-05-19,C0031,P0030,S010,9,267.11,240.4,0,Cash,Completed
O01898,2025-07-23,C0062,P0005,S003,4,1505.51,0.0,0,Net Banking,Completed
O01899,2025-01-07,C0064,P0028,S008,7,2096.23,733.68,0,Cash,Completed
O01900,2025-05-17,C0099,P0018,S005,8,1251.95,500.78,0,Cash,Completed
O01901,2025-10-16,C0025,P0016,S008,1,1450.9,0.0,0,Net Banking,Completed
O01902,2025-07-06,C0090,P0032,S004,1,2118.05,211.81,0,Cash,Completed
O01903,2025-12-04,C0059,P0031,S009,3,1248.18,374.45,0,UPI,Completed
O01904,2025-03-31,C0070,P0010,S006,6,1826.7,1644.03,0,Net Banking,Completed
O01905,2025-12-12,C0045,P0050,S005,3,955.7,430.07,0,Net Banking,Completed
O01906,2025-06-20,C0056,P0006,S010,5,1428.87,357.22,0,UPI,Completed
O01907,2025-06-25,C0058,P0049,S009,3,969.43,0.0,0,Card,Completed
O01908,2025-04-16,C0070,P0041,S003,10,1612.03,806.01,0,Net Banking,Completed
O01909,2025-09-24,C0054,P0008,S009,9,1176.73,0.0,0,Cash,Completed
O01910,2025-09-08,C0033,P0036,S003,4,1065.1,426.04,0,Cash,Completed
O01911,2025-04-23,C0048,P0036,S007,9,1065.1,1437.88,0,UPI,Completed
O01912,2025-03-21,C0089,P0049,S002,4,969.43,581.66,0,Card,Completed
O01913,2025-12-22,C0065,P0007,S008,3,1370.89,0.0,0,UPI,Completed
O01914,2025-04-08,C0052,P0020,S004,9,1439.39,0.0,0,Cash,Completed
O01915,2025-02-04,C0038,P0008,S004,3,1176.73,0.0,0,UPI,Completed
O01916,2025-12-24,C0016,P0028,S006,7,2096.23,0.0,0,UPI,Completed
O01917,2025-11-22,C0048,P0014,S005,7,1255.9,1318.7,0,Cash,Completed
O01918,2025-05-11,C0005,P0032,S006,6,2118.05,0.0,0,Net Banking,Completed
O01919,2025-12-19,C0050,P0049,S009,2,969.43,290.83,0,UPI,Cancelled
O01920,2025-09-07,C0088,P0032,S001,7,2118.05,0.0,0,Cash,Completed
O01921,2025-08-21,C0070,P0006,S002,4,1428.87,0.0,0,Net Banking,Completed
O01922,2025-06-08,C0031,P0039,S008,1,603.51,60.35,0,Net Banking,Completed
O01923,2025-09-17,C0053,P0007,S001,3,1370.89,0.0,0,Net Banking,Completed
O01924,2025-10-02,C0024,P0030,S005,10,267.11,400.67,0,Cash,Completed
O01925,2025-08-20,C0016,P0045,S009,8,1902.16,760.86,0,UPI,Completed
O01926,2025-02-26,C0006,P0019,S010,6,273.93,246.54,0,Card,Returned
O01927,2025-01-03,C0010,P0013,S008,8,748.7,299.48,0,Net Banking,Completed
O01928,2025-04-04,C0084,P0012,S007,1,2046.14,204.61,0,Card,Completed
O01929,2025-12-25,C0088,P0038,S008,4,1329.92,797.95,0,Cash,Completed
O01930,2025-08-13,C0018,P0009,S010,10,2290.86,0.0,0,Net Banking,Completed
O01931,2025-11-22,C0090,P0028,S001,9,2096.23,1886.61,0,Cash,Completed
O01932,2025-02-04,C0005,P0018,S007,9,1251.95,1690.13,0,Cash,Completed
O01933,2025-03-12,C0086,P0023,S008,7,888.86,311.1,0,Cash,Completed
O01934,2025-12-04,C0012,P0037,S003,4,1625.66,975.4,0,UPI,Completed
O01935,2025-03-01,C0062,P0005,S003,10,1505.51,2258.26,0,Cash,Completed
O01936,2025-07-10,C0019,P0020,S003,7,1439.39,0.0,0,Cash,Completed
O01937,2025-06-05,C0002,P0008,S009,5,1176.73,0.0,0,Card,Completed
O01938,2025-09-02,C0032,P0031,S004,4,1248.18,748.91,0,Net Banking,Completed
O01939,2025-03-16,C0023,P0025,S009,9,221.76,0.0,0,Card,Completed
O01940,2025-10-17,C0019,P0049,S002,8,969.43,0.0,0,Card,Completed
O01941,2025-07-28,C0097,P0027,S006,4,1703.9,681.56,0,Cash,Completed
O01942,2025-12-10,C0006,P0021,S007,1,1301.36,65.07,0,UPI,Completed
O01943,2025-11-27,C0078,P0015,S003,8,746.48,895.78,0,Card,Completed
O01944,2025-11-04,C0067,P0019,S008,2,273.93,82.18,0,Cash,Completed
O01945,2025-05-23,C0072,P0006,S003,1,1428.87,142.89,0,Net Banking,Completed
O01946,2025-06-07,C0084,P0022,S005,9,229.27,206.34,0,Net Banking,Completed
O01947,2025-08-29,C0050,P0049,S010,9,969.43,436.24,0,UPI,Completed
O01948,2025-05-09,C0063,P0022,S009,9,229.27,0.0,0,UPI,Cancelled
O01949,2025-06-15,C0037,P0039,S009,4,603.51,241.4,0,Card,Completed
O01950,2025-05-23,C0045,P0020,S004,6,1439.39,1295.45,0,UPI,Completed
O01951,2025-12-19,C0086,P0043,S004,10,1377.28,688.64,0,UPI,Completed
O01952,2025-04-15,C0088,P0024,S009,9,288.47,259.62,0,Net Banking,Completed
O01953,2025-11-03,C0023,P0008,S005,4,1176.73,235.35,0,UPI,Completed
O01954,2025-09-05,C0083,P0032,S006,4,2118.05,1270.83,0,UPI,Cancelled
O01955,2025-11-07,C0059,P0035,S006,3,259.13,77.74,0,Cash,Completed
O01956,2025-04-07,C0049,P0036,S007,1,1065.1,0.0,0,UPI,Cancelled
O01957,2025-04-12,C0059,P0036,S010,5,1065.1,798.82,0,UPI,Completed
O01958,2025-09-01,C0055,P0041,S008,10,1612.03,0.0,0,Net Banking,Completed
O01959,2025-01-28,C0016,P0009,S003,2,2290.86,458.17,0,Cash,Completed
O01960,2025-03-07,C0036,P0007,S009,9,1370.89,1233.8,0,Cash,Cancelled
O01961,2025-01-06,C0088,P0028,S004,1,2096.23,0.0,0,Cash,Completed
O01962,2025-05-04,C0080,P0047,S005,5,1161.35,871.01,0,Card,Completed
O01963,2025-05-02,C0078,P0037,S005,9,1625.66,1463.09,0,Card,Completed
O01964,2025-04-15,C0075,P0021,S004,3,1301.36,585.61,0,Cash,Returned
O01965,2025-03-05,C0012,P0037,S010,5,1625.66,1219.24,0,Cash,Completed
O01966,2025-03-30,C0053,P0015,S004,8,746.48,298.59,0,Card,Completed
O01967,2025-08-17,C0001,P0016,S005,7,1450.9,1523.45,0,Card,Completed
O01968,2025-07-16,C0011,P0027,S008,8,1703.9,681.56,0,Net Banking,Completed
O01969,2025-09-26,C0098,P0018,S004,8,1251.95,1502.34,0,UPI,Completed
O01970,2025-11-07,C0064,P0033,S010,7,1226.2,1287.51,0,Card,Completed
O01971,2025-07-26,C0091,P0005,S010,7,1505.51,526.93,0,Card,Completed
O01972,2025-04-29,C0046,P0026,S005,4,1712.19,684.88,0,Net Banking,Completed
O01973,2025-08-20,C0061,P0002,S010,4,1919.77,0.0,0,Cash,Completed
O01974,2025-08-12,C0045,P0024,S007,1,288.47,43.27,0,Net Banking,Cancelled
O01975,2025-05-18,C0012,P0028,S005,6,2096.23,628.87,0,UPI,Cancelled
O01976,2025-10-27,C0034,P0031,S003,3,1248.18,187.23,0,Card,Completed
O01977,2025-12-29,C0049,P0024,S001,4,288.47,0.0,0,Card,Completed
O01978,2025-09-26,C0090,P0036,S001,5,1065.1,0.0,0,UPI,Completed
O01979,2025-04-28,C0038,P0010,S007,5,1826.7,456.68,0,Net Banking,Completed
O01980,2025-10-21,C0067,P0005,S004,2,1505.51,0.0,0,Card,Completed
O01981,2025-04-11,C0061,P0028,S003,4,2096.23,0.0,0,Cash,Completed
O01982,2025-08-25,C0013,P0018,S003,9,1251.95,0.0,0,UPI,Completed
O01983,2025-06-16,C0020,P0035,S003,4,259.13,0.0,0,Card,Completed
O01984,2025-07-21,C0066,P0002,S009,9,1919.77,0.0,0,Card,Completed
O01985,2025-10-21,C0061,P0010,S003,4,1826.7,730.68,0,UPI,Completed
O01986,2025-11-24,C0059,P0012,S002,4,2046.14,409.23,0,Cash,Completed
O01987,2025-09-28,C0049,P0009,S001,5,2290.86,1718.15,0,Net Banking,Completed
O01988,2025-11-28,C0051,P0036,S009,7,1065.1,1118.35,0,UPI,Completed
O01989,2025-03-27,C0074,P0046,S007,5,754.49,565.87,0,Net Banking,Completed
O01990,2025-06-02,C0005,P0014,S002,10,1255.9,1255.9,0,Cash,Completed
O01991,2025-01-13,C0053,P0025,S007,5,221.76,110.88,0,UPI,Completed
O01992,2025-08-19,C0097,P0002,S004,7,1919.77,671.92,0,Card,Completed
O01993,2025-04-27,C0039,P0026,S004,3,1712.19,0.0,0,Net Banking,Completed
O01994,2025-08-26,C0052,P0030,S008,6,267.11,80.13,0,Card,Completed
O01995,2025-07-11,C0007,P0016,S003,2,1450.9,290.18,0,Cash,Completed
O01996,2025-07-01,C0050,P0042,S007,2,1300.38,260.08,0,Net Banking,Completed
O01997,2025-06-08,C0062,P0005,S006,6,1505.51,451.65,0,Card,Completed
O01998,2025-01-13,C0013,P0010,S009,5,1826.7,0.0,0,Card,Completed
O01999,2025-11-10,C0048,P0002,S008,7,1919.77,1343.84,0,Net Banking,Completed
O02000,2025-08-13,C0042,P0019,S006,1,273.93,0.0,0,Net Banking,Completed
O01493,2025-06-13,C0085,P0028,S002,3,2096.23,943.3,0,Cash,Completed
O01534,2025-05-04,C0061,P0021,S005,9,1301.36,0.0,0,Net Banking,Completed
O01160,2025-04-17,C0069,P0034,S008,2,582.17,0.0,0,Cash,Completed
O01037,2025-10-02,C0055,P0041,S004,1,1612.03,80.6,0,UPI,Completed
O00138,2025-07-09,C0073,P0003,S010,3,1858.13,836.16,0,UPI,Completed
O01983,2025-06-16,C0020,P0035,S003,4,259.13,0.0,0,Card,Completed
O00315,2025-06-21,C0017,P0048,S005,2,181.2,0.0,0,Net Banking,Completed
O01911,2025-04-23,C0048,P0036,S007,9,1065.1,1437.88,0,UPI,Completed
O01690,2025-03-25,C0067,P0010,S003,6,1826.7,0.0,0,Cash,Completed
O00774,2025-02-12,C0090,P0007,S008,8,1370.89,548.36,0,Cash,Completed
